xtal,compound_code
Zika_NS5A-x0041,Z100643660
Zika_NS5A-x0052,Z104474266
Zika_NS5A-x0103,Z1203191681
Zika_NS5A-x0107,Z1203730757
Zika_NS5A-x0111,Z1216833237
Zika_NS5A-x0112,Z1216861874
Zika_NS5A-x0136,Z1255459547
Zika_NS5A-x0165,Z1333043510
Zika_NS5A-x0176,Z1398461996
Zika_NS5A-x0184,Z1449748885
Zika_NS5A-x0186,Z1457279522
Zika_NS5A-x0187,Z1457921102
Zika_NS5A-x0193,Z1491215378
Zika_NS5A-x0200,Z1509257513
Zika_NS5A-x0207,Z1546887028
Zika_NS5A-x0211,Z1563512128
Zika_NS5A-x0215,Z1575337975
Zika_NS5A-x0221,Z1619958679
Zika_NS5A-x0252,Z1889787519
Zika_NS5A-x0264,Z198194394
Zika_NS5A-x0266,Z198195770
Zika_NS5A-x0283,Z217038356
Zika_NS5A-x0307,Z234898049
Zika_NS5A-x0309,Z235341991
Zika_NS5A-x0342,Z2692078340
Zika_NS5A-x0351,Z274555794
Zika_NS5A-x0354,Z275165822
Zika_NS5A-x0364,Z285141302
Zika_NS5A-x0375,Z295205242
Zika_NS5A-x0384,Z30820160
Zika_NS5A-x0386,Z30904160
Zika_NS5A-x0397,Z31602870
Zika_NS5A-x0411,Z321318226
Zika_NS5A-x0415,Z3244609881
Zika_NS5A-x0418,Z329734230
Zika_NS5A-x0437,Z3664805965
Zika_NS5A-x0471,Z432051392
Zika_NS5A-x0480,Z444299230
Zika_NS5A-x0481,Z445186088
Zika_NS5A-x0483,Z44584886
Zika_NS5A-x0486,Z44592329
Zika_NS5A-x0496,Z48847633
Zika_NS5A-x0498,Z50145861
Zika_NS5A-x0501,Z52214433
Zika_NS5A-x0519,Z56772132
Zika_NS5A-x0521,Z56791867
Zika_NS5A-x0553,Z600615204
Zika_NS5A-x0581,Z758198920
Zika_NS5A-x0594,Z839157334
Zika_NS5A-x0625,Z959357244
Zika_NS5A-x0628,Z975817026
Zika_NS5A-x0637,Z990434946
Zika_NS5A-x0651,POB0084
Zika_NS5A-x0653,POB0124
Zika_NS5A-x0659,POB0103
Zika_NS5A-x0668,POB0004
Zika_NS5A-x0673,POB0112
Zika_NS5A-x0702,POB0095
Zika_NS5A-x0736,POB0139
Zika_NS5A-x0756,NCL-00023818
Zika_NS5A-x0764,NCL-00023835
Zika_NS5A-x0767,NCL-00024671
Zika_NS5A-x0812,Z57127349
Zika_NS5A-x0821,Z1259087003
Zika_NS5A-x0835,Z1741971800
Zika_NS5A-x0858,Z59181971
Zika_NS5A-x0875,Z2301685688
Zika_NS5A-x0881,Z1101437586
Zika_NS5A-x0892,Z56823075
Zika_NS5A-x0898,Z228586860
Zika_NS5A-x0900,Z89269461
Zika_NS5A-x0903,Z56862798
Zika_NS5A-x0904,Z3227068145
Zika_NS5A-x0910,Z57473948
Zika_NS5A-x0920,Z56791928
Zika_NS5A-x0922,Z1509711879
Zika_NS5A-x0927,Z1255450314
Zika_NS5A-x0936,Z667925512
Zika_NS5A-x0968,Z362043378
Zika_NS5A-x0987,Z1267800292
Zika_NS5A-x0991,Z133716556
Zika_NS5A-x0993,Z1416571195
Zika_NS5A-x0995,Z1428159350
Zika_NS5A-x0999,Z1618027593
Zika_NS5A-x1015,Z235361315
Zika_NS5A-x1018,Z2472938267
Zika_NS5A-x1024,Z287484230
Zika_NS5A-x1040,Z54984227
Zika_NS5A-x1041,Z56921372
Zika_NS5A-x1047,Z979419914
