Code,Long code,Experiment code,Compound code,Smiles,Centroid res,Downloaded,ConformerSites upload name,CanonSites upload name,CrystalformSites upload name,Quatassemblies upload name,Crystalforms upload name,ConformerSites short tag,CanonSites short tag,CrystalformSites short tag,Quatassemblies short tag,Crystalforms short tag,ConformerSites alias,CanonSites alias,CrystalformSites alias,Quatassemblies alias,Crystalforms alias,Pose,[Other] upload_1 2024-12-06
3vws-b,3vws_A_1004_v1,3vws,,Cc1oc2ccc(NS(=O)(=O)c3ccc(Cl)cc3)cc2c1C(=O)O,3vws/A/603/A_v1,True,12a - 3vws/A/1003,12 - 3vws/A/1003/1,F2aa - 3vws/A/1003/1,A1 - monomer,F2 - C2221,12a - 3vws/A/1003,12 - 3vws/A/1003/1,F2aa - 3vws/A/1003/1,A1 - monomer,F2 - C2221,12a - 3vws/A/1003,12 - 3vws/A/1003/1,F2aa - 3vws/A/1003/1,A1 - monomer,F2 - C2221,3vws-a,True
3vws-a,3vws_A_1003_v1,3vws,,Cc1oc2ccc(NS(=O)(=O)c3ccc(Cl)cc3)cc2c1C(=O)O,3vws/A/603/A_v1,True,12a - 3vws/A/1003,12 - 3vws/A/1003/1,F2aa - 3vws/A/1003/1,A1 - monomer,F2 - C2221,12a - 3vws/A/1003,12 - 3vws/A/1003/1,F2aa - 3vws/A/1003/1,A1 - monomer,F2 - C2221,12a - 3vws/A/1003,12 - 3vws/A/1003/1,F2aa - 3vws/A/1003/1,A1 - monomer,F2 - C2221,3vws-a,True
5iq6-a,5iq6_A_1003_v1,5iq6,,O=C(N[C@@H](Cc1ccc(O)cc1)C(=O)O)c1cc(-c2ccccc2)c(=O)n2c1sc1ccc(OC3CCCCC3)cc12,3vws/A/603/A_v1,True,12a - 3vws/A/1003,12 - 3vws/A/1003/1,F2ab - 5iq6/A/1003/1,A1 - monomer,F2 - C2221,12a - 3vws/A/1003,12 - 3vws/A/1003/1,F2ab - 5iq6/A/1003/1,A1 - monomer,F2 - C2221,12a - 3vws/A/1003,12 - 3vws/A/1003/1,F2ab - 5iq6/A/1003/1,A1 - monomer,F2 - C2221,5iq6-a,True
6xd0-a,6xd0_A_1008_v1,6xd0,,O=C(Cc1ccccc1Nc1c(Cl)cccc1Cl)NC1(C(=O)O)Cc2ccccc2C1,3vws/A/603/A_v1,True,12a - 3vws/A/1003,12 - 3vws/A/1003/1,F2aa - 3vws/A/1003/1,A1 - monomer,F2 - C2221,12a - 3vws/A/1003,12 - 3vws/A/1003/1,F2aa - 3vws/A/1003/1,A1 - monomer,F2 - C2221,12a - 3vws/A/1003,12 - 3vws/A/1003/1,F2aa - 3vws/A/1003/1,A1 - monomer,F2 - C2221,6xd0-a,True
5i3p-a,5i3p_A_1003_v1,5i3p,,COc1cccc(S(=O)(=O)NC(=O)c2cc(-c3ccc(C#CCO)s3)c(OC)cc2OC)c1,5i3p/A/799/A_v1,True,5a - 5i3p/A/1003,5 - 5i3p/A/1003/1,F2j - 5i3p/A/1003/1,A1 - monomer,F2 - C2221,5a - 5i3p/A/1003,5 - 5i3p/A/1003/1,F2j - 5i3p/A/1003/1,A1 - monomer,F2 - C2221,5a - 5i3p/A/1003,5 - 5i3p/A/1003/1,F2j - 5i3p/A/1003/1,A1 - monomer,F2 - C2221,5i3p-a,True
5hn0-a,5hn0_A_1003_v1,5hn0,,O=C(O)Cc1ccc(O)c(-c2ccccc2)c1,5i3p/A/799/A_v1,True,5a - 5i3p/A/1003,5 - 5i3p/A/1003/1,F2j - 5i3p/A/1003/1,A1 - monomer,F2 - C2221,5a - 5i3p/A/1003,5 - 5i3p/A/1003/1,F2j - 5i3p/A/1003/1,A1 - monomer,F2 - C2221,5a - 5i3p/A/1003,5 - 5i3p/A/1003/1,F2j - 5i3p/A/1003/1,A1 - monomer,F2 - C2221,5hn0-a,True
5f41-a,5f41_A_1003_v1,5f41,,COc1ccc(CC(=O)O)cc1-c1ccsc1,5i3p/A/799/A_v1,True,5a - 5i3p/A/1003,5 - 5i3p/A/1003/1,F2j - 5i3p/A/1003/1,A1 - monomer,F2 - C2221,5a - 5i3p/A/1003,5 - 5i3p/A/1003/1,F2j - 5i3p/A/1003/1,A1 - monomer,F2 - C2221,5a - 5i3p/A/1003,5 - 5i3p/A/1003/1,F2j - 5i3p/A/1003/1,A1 - monomer,F2 - C2221,5f41-a,True
6h80-a,6h80_A_1001_v1,6h80,,COc1ccc(CC(=O)O)cc1-c1cccs1,5i3p/A/799/A_v1,True,5a - 5i3p/A/1003,5 - 5i3p/A/1003/1,F2k - 6h80/A/1001/1,A1 - monomer,F2 - C2221,5a - 5i3p/A/1003,5 - 5i3p/A/1003/1,F2k - 6h80/A/1001/1,A1 - monomer,F2 - C2221,5a - 5i3p/A/1003,5 - 5i3p/A/1003/1,F2k - 6h80/A/1001/1,A1 - monomer,F2 - C2221,6h80-a,True
5hmy-a,5hmy_A_1003_v1,5hmy,,O=C(O)Cc1cc(CC(=O)O)cc(-c2ccc(C#CCO)s2)c1,5i3p/A/799/A_v1,True,5a - 5i3p/A/1003,5 - 5i3p/A/1003/1,F2j - 5i3p/A/1003/1,A1 - monomer,F2 - C2221,5a - 5i3p/A/1003,5 - 5i3p/A/1003/1,F2j - 5i3p/A/1003/1,A1 - monomer,F2 - C2221,5a - 5i3p/A/1003,5 - 5i3p/A/1003/1,F2j - 5i3p/A/1003/1,A1 - monomer,F2 - C2221,5hmy-a,True
5i3q-a,5i3q_A_1003_v1,5i3q,,COc1cc(C)c(C(=O)NS(=O)(=O)c2cccc3cccnc23)cc1-c1ccc(C#CCO)s1,5i3p/A/799/A_v1,True,5a - 5i3p/A/1003,5 - 5i3p/A/1003/1,F2j - 5i3p/A/1003/1,A1 - monomer,F2 - C2221,5a - 5i3p/A/1003,5 - 5i3p/A/1003/1,F2j - 5i3p/A/1003/1,A1 - monomer,F2 - C2221,5a - 5i3p/A/1003,5 - 5i3p/A/1003/1,F2j - 5i3p/A/1003/1,A1 - monomer,F2 - C2221,5i3q-a,True
5hmx-b,5hmx_A_1003_v1,5hmx,,O=C(O)Cc1cc(CC(=O)O)cc(-c2cccs2)c1,5i3p/A/799/A_v1,True,5a - 5i3p/A/1003,5 - 5i3p/A/1003/1,F2j - 5i3p/A/1003/1,A1 - monomer,F2 - C2221,5a - 5i3p/A/1003,5 - 5i3p/A/1003/1,F2j - 5i3p/A/1003/1,A1 - monomer,F2 - C2221,5a - 5i3p/A/1003,5 - 5i3p/A/1003/1,F2j - 5i3p/A/1003/1,A1 - monomer,F2 - C2221,5hmx-b,True
5hmz-a,5hmz_A_1003_v1,5hmz,,COc1cc(C)c(C(=O)NS(C)(=O)=O)cc1-c1ccc(C#CCO)s1,5i3p/A/799/A_v1,True,5a - 5i3p/A/1003,5 - 5i3p/A/1003/1,F2j - 5i3p/A/1003/1,A1 - monomer,F2 - C2221,5a - 5i3p/A/1003,5 - 5i3p/A/1003/1,F2j - 5i3p/A/1003/1,A1 - monomer,F2 - C2221,5a - 5i3p/A/1003,5 - 5i3p/A/1003/1,F2j - 5i3p/A/1003/1,A1 - monomer,F2 - C2221,5hmz-a,True
5hmw-b,5hmw_A_1003_v1,5hmw,,O=C(O)Cc1cc(CC(=O)O)cc(-c2ccccc2)c1,5i3p/A/799/A_v1,True,5a - 5i3p/A/1003,5 - 5i3p/A/1003/1,F2j - 5i3p/A/1003/1,A1 - monomer,F2 - C2221,5a - 5i3p/A/1003,5 - 5i3p/A/1003/1,F2j - 5i3p/A/1003/1,A1 - monomer,F2 - C2221,5a - 5i3p/A/1003,5 - 5i3p/A/1003/1,F2j - 5i3p/A/1003/1,A1 - monomer,F2 - C2221,5hmw-b,True
5f3z-a,5f3z_A_1003_v1,5f3z,,COc1ccc(CC(=O)O)cc1-c1cccs1,5i3p/A/799/A_v1,True,5a - 5i3p/A/1003,5 - 5i3p/A/1003/1,F2j - 5i3p/A/1003/1,A1 - monomer,F2 - C2221,5a - 5i3p/A/1003,5 - 5i3p/A/1003/1,F2j - 5i3p/A/1003/1,A1 - monomer,F2 - C2221,5a - 5i3p/A/1003,5 - 5i3p/A/1003/1,F2j - 5i3p/A/1003/1,A1 - monomer,F2 - C2221,5f3z-a,True
6h9r-a,6h9r_A_1001_v1,6h9r,,COc1ccc(CC(=O)O)cc1-c1cccs1,5i3p/A/799/A_v1,True,5a - 5i3p/A/1003,5 - 5i3p/A/1003/1,F2k - 6h80/A/1001/1,A1 - monomer,F2 - C2221,5a - 5i3p/A/1003,5 - 5i3p/A/1003/1,F2k - 6h80/A/1001/1,A1 - monomer,F2 - C2221,5a - 5i3p/A/1003,5 - 5i3p/A/1003/1,F2k - 6h80/A/1001/1,A1 - monomer,F2 - C2221,6h9r-a,True
5f3t-a,5f3t_A_1003_v1,5f3t,,COc1ccc(CC(=O)O)cc1-c1ccccc1,5i3p/A/799/A_v1,True,5a - 5i3p/A/1003,5 - 5i3p/A/1003/1,F2j - 5i3p/A/1003/1,A1 - monomer,F2 - C2221,5a - 5i3p/A/1003,5 - 5i3p/A/1003/1,F2j - 5i3p/A/1003/1,A1 - monomer,F2 - C2221,5a - 5i3p/A/1003,5 - 5i3p/A/1003/1,F2j - 5i3p/A/1003/1,A1 - monomer,F2 - C2221,5f3t-a,True
d1037a,DNV2_NS5A-x1037_A_1701_v1,DNV2_NS5A-x1037,Z3241250482,O=S1(=O)CC(O)C1,6izz/A/780/A_v1,True,15a - 6izz/A/903,15 - 6izz/A/903/1,F1ah - DNV2_NS5A-x1037/A/1701/1,A1 - monomer,F1 - I222,15a - 6izz/A/903,15 - 6izz/A/903/1,F1ah - e1037/A/1701,A1 - monomer,F1 - I222,15a - 6izz/A/903,15 - 6izz/A/903/1,F1ah - e1037/A/1701,A1 - monomer,F1 - I222,d1037a,True
6izx-b,6izx_A_913_v1,6izx,,CC(=O)Oc1ccc2oc(=O)sc2c1,6izz/A/780/A_v1,True,15a - 6izz/A/903,15 - 6izz/A/903/1,F3ae - 6izx/A/913/1,A1 - monomer,F3 - I432,15a - 6izz/A/903,15 - 6izz/A/903/1,F3ae - 6izx/A/913/1,A1 - monomer,F3 - I432,15a - 6izz/A/903,15 - 6izz/A/903/1,F3ae - 6izx/A/913/1,A1 - monomer,F3 - I432,6izx-b,True
6izz-a,6izz_A_903_v1,6izz,,CC(=O)Oc1ccc2oc(=O)sc2c1,6izz/A/780/A_v1,True,15a - 6izz/A/903,15 - 6izz/A/903/1,F2af - 6izz/A/903/1,A1 - monomer,F2 - C2221,15a - 6izz/A/903,15 - 6izz/A/903/1,F2af - 6izz/A/903/1,A1 - monomer,F2 - C2221,15a - 6izz/A/903,15 - 6izz/A/903/1,F2af - 6izz/A/903/1,A1 - monomer,F2 - C2221,6izz-a,True
6xd1-a,6xd1_A_1003_v1,6xd1,,CCCCN(Cc1ccc(-c2ccccc2-c2nnn[nH]2)cc1)C(=O)N1CCN(C(=O)C(C)(c2ccccc2)c2ccccc2)[C@@H](C(=O)O)C1,6xd1/A/474/A_v1,True,30a - 6xd1/A/1003,30 - 6xd1/A/1003/1,F2aw - 6xd1/A/1003/1,A1 - monomer,F2 - C2221,30a - 6xd1/A/1003,30 - 6xd1/A/1003/1,F2aw - 6xd1/A/1003/1,A1 - monomer,F2 - C2221,30a - 6xd1/A/1003,30 - 6xd1/A/1003/1,F2aw - 6xd1/A/1003/1,A1 - monomer,F2 - C2221,6xd1-a,True
d0135a,DNV2_NS5A-x0135_A_1608_v1,DNV2_NS5A-x0135,Z438067480,CCC(=O)NCc1nnc2n1CCCC2,DNV2_NS5A-x0135/A/871/A_v1,True,19a - DNV2_NS5A-x0135/A/1608,19 - DNV2_NS5A-x0135/A/1608/1,F1al - DNV2_NS5A-x0135/A/1608/1,A1 - monomer,F1 - I222,19a - d0135/A/1608,19 - d0135/A/1608/1,F1al - d0135/A/1608,A1 - monomer,F1 - I222,19a - d0135/A/1608,19 - d0135/A/1608/1,F1al - d0135/A/1608,A1 - monomer,F1 - I222,d0135a,True
d0829a,DNV2_NS5A-x0829_A_1701_v1,DNV2_NS5A-x0829,Z383325512,CC(=O)NCc1cn[nH]c1,DNV2_NS5A-x0135/A/871/A_v1,True,19a - DNV2_NS5A-x0135/A/1608,19 - DNV2_NS5A-x0135/A/1608/1,F1al - DNV2_NS5A-x0135/A/1608/1,A1 - monomer,F1 - I222,19a - d0135/A/1608,19 - d0135/A/1608/1,F1al - d0135/A/1608,A1 - monomer,F1 - I222,19a - d0135/A/1608,19 - d0135/A/1608/1,F1al - d0135/A/1608,A1 - monomer,F1 - I222,d0829a,True
d0160c,DNV2_NS5A-x0160_A_1701_v1,DNV2_NS5A-x0160,Z4628744292,Cc1cn[nH]c1-c1ccncc1,DNV2_NS5A-x0160/A/398/A_v1,True,31a - DNV2_NS5A-x0160/A/1701,31 - DNV2_NS5A-x0160/A/1701/1,F1ax - DNV2_NS5A-x0160/A/1701/1,A1 - monomer,F1 - I222,31a - d0160/A/1701,31 - d0160/A/1701/1,F1ax - d0160/A/1701,A1 - monomer,F1 - I222,31a - d0160/A/1701,31 - d0160/A/1701/1,F1ax - d0160/A/1701,A1 - monomer,F1 - I222,d0160c,True
d0172a,DNV2_NS5A-x0172_A_1701_v1,DNV2_NS5A-x0172,Z53825479,CS(=O)(=O)NC1CCCC1,DNV2_NS5A-x0172/A/486/A_v1,True,13a - DNV2_NS5A-x0172/A/1701,13 - DNV2_NS5A-x0172/A/1701/1,F1ac - DNV2_NS5A-x0172/A/1701/1,A1 - monomer,F1 - I222,13a - d0172/A/1701,13 - d0172/A/1701/1,F1ac - d0172/A/1701,A1 - monomer,F1 - I222,13a - d0172/A/1701,13 - d0172/A/1701/1,F1ac - d0172/A/1701,A1 - monomer,F1 - I222,d0172a,True
d0378a,DNV2_NS5A-x0378_A_1707_v1,DNV2_NS5A-x0378,Z1079168976,N#CCc1nccn1CC(F)(F)F,DNV2_NS5A-x0172/A/486/A_v1,True,13a - DNV2_NS5A-x0172/A/1701,13 - DNV2_NS5A-x0172/A/1701/1,F1ac - DNV2_NS5A-x0172/A/1701/1,A1 - monomer,F1 - I222,13a - d0172/A/1701,13 - d0172/A/1701/1,F1ac - d0172/A/1701,A1 - monomer,F1 - I222,13a - d0172/A/1701,13 - d0172/A/1701/1,F1ac - d0172/A/1701,A1 - monomer,F1 - I222,d0378a,True
d0472b,DNV2_NS5A-x0472_A_2201_v1,DNV2_NS5A-x0472,Z1262628644,Nc1cccnc1-n1cccc1,DNV2_NS5A-x0172/A/486/A_v1,True,13a - DNV2_NS5A-x0172/A/1701,13 - DNV2_NS5A-x0172/A/1701/1,F1ac - DNV2_NS5A-x0172/A/1701/1,A1 - monomer,F1 - I222,13a - d0172/A/1701,13 - d0172/A/1701/1,F1ac - d0172/A/1701,A1 - monomer,F1 - I222,13a - d0172/A/1701,13 - d0172/A/1701/1,F1ac - d0172/A/1701,A1 - monomer,F1 - I222,d0472b,True
d0741a,DNV2_NS5A-x0741_A_1608_v1,DNV2_NS5A-x0741,Z291279160,NC(=S)Nc1ccccc1OC(F)(F)F,DNV2_NS5A-x0172/A/486/A_v1,True,13a - DNV2_NS5A-x0172/A/1701,13 - DNV2_NS5A-x0172/A/1701/1,F1ac - DNV2_NS5A-x0172/A/1701/1,A1 - monomer,F1 - I222,13a - d0172/A/1701,13 - d0172/A/1701/1,F1ac - d0172/A/1701,A1 - monomer,F1 - I222,13a - d0172/A/1701,13 - d0172/A/1701/1,F1ac - d0172/A/1701,A1 - monomer,F1 - I222,d0741a,True
d0210b,DNV2_NS5A-x0210_A_1608_v1,DNV2_NS5A-x0210,Z56953052,O=S(=O)(c1ccc(F)cc1)N1CCNCC1,DNV2_NS5A-x0210/A/750/A_v1,True,16a - DNV2_NS5A-x0210/A/1608,16 - DNV2_NS5A-x0210/A/1608/1,F1ag - DNV2_NS5A-x0210/A/1608/1,A1 - monomer,F1 - I222,16a - d0210/A/1608,16 - d0210/A/1608/1,F1ag - d0210/A/1608,A1 - monomer,F1 - I222,16a - d0210/A/1608,16 - d0210/A/1608/1,F1ag - d0210/A/1608,A1 - monomer,F1 - I222,d0210b,True
d0379b,DNV2_NS5A-x0379_A_2102_v1,DNV2_NS5A-x0379,Z1079512010,Cc1cc(Cn2nc(C)ccc2=O)on1,DNV2_NS5A-x0210/A/750/A_v1,True,16a - DNV2_NS5A-x0210/A/1608,16 - DNV2_NS5A-x0210/A/1608/1,F1ag - DNV2_NS5A-x0210/A/1608/1,A1 - monomer,F1 - I222,16a - d0210/A/1608,16 - d0210/A/1608/1,F1ag - d0210/A/1608,A1 - monomer,F1 - I222,16a - d0210/A/1608,16 - d0210/A/1608/1,F1ag - d0210/A/1608,A1 - monomer,F1 - I222,d0379b,True
d0571a,DNV2_NS5A-x0571_A_1801_v1,DNV2_NS5A-x0571,Z1685106505,Cn1ccnc1-c1noc(C2CCC2)n1,DNV2_NS5A-x0210/A/750/A_v1,True,16a - DNV2_NS5A-x0210/A/1608,16 - DNV2_NS5A-x0210/A/1608/1,F1ag - DNV2_NS5A-x0210/A/1608/1,A1 - monomer,F1 - I222,16a - d0210/A/1608,16 - d0210/A/1608/1,F1ag - d0210/A/1608,A1 - monomer,F1 - I222,16a - d0210/A/1608,16 - d0210/A/1608/1,F1ag - d0210/A/1608,A1 - monomer,F1 - I222,d0571a,True
d0153b,DNV2_NS5A-x0153_A_1801_v1,DNV2_NS5A-x0153,Z45527714,CNS(=O)(=O)c1ccccc1Cl,DNV2_NS5A-x0249/A/851/A_v1,True,2a - DNV2_NS5A-x0249/A/1707,2 - DNV2_NS5A-x0249/A/1707/1,F1e - DNV2_NS5A-x0567/A/1707/1,A1 - monomer,F1 - I222,2a - d0249/A/1707,2 - d0249/A/1707/1,F1e - d0567/A/1707,A1 - monomer,F1 - I222,2a - d0249/A/1707,2 - d0249/A/1707/1,F1e - d0567/A/1707,A1 - monomer,F1 - I222,d0153a,True
d0153a,DNV2_NS5A-x0153_A_1707_v1,DNV2_NS5A-x0153,Z45527714,CNS(=O)(=O)c1ccccc1Cl,DNV2_NS5A-x0249/A/851/A_v1,True,2a - DNV2_NS5A-x0249/A/1707,2 - DNV2_NS5A-x0249/A/1707/1,F1d - DNV2_NS5A-x0153/A/1707/1,A1 - monomer,F1 - I222,2a - d0249/A/1707,2 - d0249/A/1707/1,F1d - d0153/A/1707,A1 - monomer,F1 - I222,2a - d0249/A/1707,2 - d0249/A/1707/1,F1d - d0153/A/1707,A1 - monomer,F1 - I222,d0153a,True
d0162a,DNV2_NS5A-x0162_A_1707_v1,DNV2_NS5A-x0162,Z48847594,CC(=O)Nc1ccc(-c2csc(N)n2)cc1,DNV2_NS5A-x0249/A/851/A_v1,True,2a - DNV2_NS5A-x0249/A/1707,2 - DNV2_NS5A-x0249/A/1707/1,F1e - DNV2_NS5A-x0567/A/1707/1,A1 - monomer,F1 - I222,2a - d0249/A/1707,2 - d0249/A/1707/1,F1e - d0567/A/1707,A1 - monomer,F1 - I222,2a - d0249/A/1707,2 - d0249/A/1707/1,F1e - d0567/A/1707,A1 - monomer,F1 - I222,d0162a,True
d0174a,DNV2_NS5A-x0174_A_1608_v1,DNV2_NS5A-x0174,Z53860899,CCS(=O)(=O)NCc1ccc2c(c1)OCO2,DNV2_NS5A-x0249/A/851/A_v1,True,2a - DNV2_NS5A-x0249/A/1707,2 - DNV2_NS5A-x0249/A/1707/1,F1d - DNV2_NS5A-x0153/A/1707/1,A1 - monomer,F1 - I222,2a - d0249/A/1707,2 - d0249/A/1707/1,F1d - d0153/A/1707,A1 - monomer,F1 - I222,2a - d0249/A/1707,2 - d0249/A/1707/1,F1d - d0153/A/1707,A1 - monomer,F1 - I222,d0174a,True
d0176a,DNV2_NS5A-x0176_A_1701_v1,DNV2_NS5A-x0176,Z54226095,O=C(c1c(F)cccc1F)N1CCCCCC1,DNV2_NS5A-x0249/A/851/A_v1,True,2a - DNV2_NS5A-x0249/A/1707,2 - DNV2_NS5A-x0249/A/1707/1,F1e - DNV2_NS5A-x0567/A/1707/1,A1 - monomer,F1 - I222,2a - d0249/A/1707,2 - d0249/A/1707/1,F1e - d0567/A/1707,A1 - monomer,F1 - I222,2a - d0249/A/1707,2 - d0249/A/1707/1,F1e - d0567/A/1707,A1 - monomer,F1 - I222,d0176a,True
d0210a,DNV2_NS5A-x0210_A_1701_v1,DNV2_NS5A-x0210,Z56953052,O=S(=O)(c1ccc(F)cc1)N1CCNCC1,DNV2_NS5A-x0249/A/851/A_v1,True,2a - DNV2_NS5A-x0249/A/1707,2 - DNV2_NS5A-x0249/A/1707/1,F1d - DNV2_NS5A-x0153/A/1707/1,A1 - monomer,F1 - I222,2a - d0249/A/1707,2 - d0249/A/1707/1,F1d - d0153/A/1707,A1 - monomer,F1 - I222,2a - d0249/A/1707,2 - d0249/A/1707/1,F1d - d0153/A/1707,A1 - monomer,F1 - I222,d0210a,True
d0248a,DNV2_NS5A-x0248_A_1608_v1,DNV2_NS5A-x0248,Z68299550,CC(C)(CO)NC(=O)c1cccc(Cl)c1,DNV2_NS5A-x0249/A/851/A_v1,True,2a - DNV2_NS5A-x0249/A/1707,2 - DNV2_NS5A-x0249/A/1707/1,F1d - DNV2_NS5A-x0153/A/1707/1,A1 - monomer,F1 - I222,2a - d0249/A/1707,2 - d0249/A/1707/1,F1d - d0153/A/1707,A1 - monomer,F1 - I222,2a - d0249/A/1707,2 - d0249/A/1707/1,F1d - d0153/A/1707,A1 - monomer,F1 - I222,d0248a,True
d0249a,DNV2_NS5A-x0249_A_1707_v1,DNV2_NS5A-x0249,Z68404778,CC(=O)Nc1ccc(Nc2ccccc2)cc1,DNV2_NS5A-x0249/A/851/A_v1,True,2a - DNV2_NS5A-x0249/A/1707,2 - DNV2_NS5A-x0249/A/1707/1,F1e - DNV2_NS5A-x0567/A/1707/1,A1 - monomer,F1 - I222,2a - d0249/A/1707,2 - d0249/A/1707/1,F1e - d0567/A/1707,A1 - monomer,F1 - I222,2a - d0249/A/1707,2 - d0249/A/1707/1,F1e - d0567/A/1707,A1 - monomer,F1 - I222,d0249a,True
d0253a,DNV2_NS5A-x0253_A_1707_v1,DNV2_NS5A-x0253,Z71308235,Cc1nn(C)c(C)c1NS(=O)(=O)c1cccc(F)c1,DNV2_NS5A-x0249/A/851/A_v1,True,2a - DNV2_NS5A-x0249/A/1707,2 - DNV2_NS5A-x0249/A/1707/1,F1e - DNV2_NS5A-x0567/A/1707/1,A1 - monomer,F1 - I222,2a - d0249/A/1707,2 - d0249/A/1707/1,F1e - d0567/A/1707,A1 - monomer,F1 - I222,2a - d0249/A/1707,2 - d0249/A/1707/1,F1e - d0567/A/1707,A1 - monomer,F1 - I222,d0253a,True
d0258a,DNV2_NS5A-x0258_A_1707_v1,DNV2_NS5A-x0258,Z729352906,O=S1(=O)CCCN1Cc1cccc(F)c1,DNV2_NS5A-x0249/A/851/A_v1,True,2a - DNV2_NS5A-x0249/A/1707,2 - DNV2_NS5A-x0249/A/1707/1,F1e - DNV2_NS5A-x0567/A/1707/1,A1 - monomer,F1 - I222,2a - d0249/A/1707,2 - d0249/A/1707/1,F1e - d0567/A/1707,A1 - monomer,F1 - I222,2a - d0249/A/1707,2 - d0249/A/1707/1,F1e - d0567/A/1707,A1 - monomer,F1 - I222,d0258a,True
d0279a,DNV2_NS5A-x0279_A_1608_v1,DNV2_NS5A-x0279,Z802824098,Fc1ccc(NC2CCOCC2)nc1,DNV2_NS5A-x0249/A/851/A_v1,True,2a - DNV2_NS5A-x0249/A/1707,2 - DNV2_NS5A-x0249/A/1707/1,F1e - DNV2_NS5A-x0567/A/1707/1,A1 - monomer,F1 - I222,2a - d0249/A/1707,2 - d0249/A/1707/1,F1e - d0567/A/1707,A1 - monomer,F1 - I222,2a - d0249/A/1707,2 - d0249/A/1707/1,F1e - d0567/A/1707,A1 - monomer,F1 - I222,d0279a,True
d0283a,DNV2_NS5A-x0283_A_1608_v1,DNV2_NS5A-x0283,Z818928496,CNS(=O)(=O)CC1CCCCC1,DNV2_NS5A-x0249/A/851/A_v1,True,2a - DNV2_NS5A-x0249/A/1707,2 - DNV2_NS5A-x0249/A/1707/1,F1d - DNV2_NS5A-x0153/A/1707/1,A1 - monomer,F1 - I222,2a - d0249/A/1707,2 - d0249/A/1707/1,F1d - d0153/A/1707,A1 - monomer,F1 - I222,2a - d0249/A/1707,2 - d0249/A/1707/1,F1d - d0153/A/1707,A1 - monomer,F1 - I222,d0283a,True
d0376a,DNV2_NS5A-x0376_A_1608_v1,DNV2_NS5A-x0376,Z106579662,CC(C)N1CCN(C(=O)c2cccs2)CC1,DNV2_NS5A-x0249/A/851/A_v1,True,2a - DNV2_NS5A-x0249/A/1707,2 - DNV2_NS5A-x0249/A/1707/1,F1e - DNV2_NS5A-x0567/A/1707/1,A1 - monomer,F1 - I222,2a - d0249/A/1707,2 - d0249/A/1707/1,F1e - d0567/A/1707,A1 - monomer,F1 - I222,2a - d0249/A/1707,2 - d0249/A/1707/1,F1e - d0567/A/1707,A1 - monomer,F1 - I222,d0376a,True
d0379a,DNV2_NS5A-x0379_A_2101_v1,DNV2_NS5A-x0379,Z1079512010,Cc1cc(Cn2nc(C)ccc2=O)on1,DNV2_NS5A-x0249/A/851/A_v1,True,2a - DNV2_NS5A-x0249/A/1707,2 - DNV2_NS5A-x0249/A/1707/1,F1e - DNV2_NS5A-x0567/A/1707/1,A1 - monomer,F1 - I222,2a - d0249/A/1707,2 - d0249/A/1707/1,F1e - d0567/A/1707,A1 - monomer,F1 - I222,2a - d0249/A/1707,2 - d0249/A/1707/1,F1e - d0567/A/1707,A1 - monomer,F1 - I222,d0379a,True
d0414a,DNV2_NS5A-x0414_A_1701_v1,DNV2_NS5A-x0414,Z1198279205,Fc1cn[nH]c1,DNV2_NS5A-x0249/A/851/A_v1,True,2a - DNV2_NS5A-x0249/A/1707,2 - DNV2_NS5A-x0249/A/1707/1,F1d - DNV2_NS5A-x0153/A/1707/1,A1 - monomer,F1 - I222,2a - d0249/A/1707,2 - d0249/A/1707/1,F1d - d0153/A/1707,A1 - monomer,F1 - I222,2a - d0249/A/1707,2 - d0249/A/1707/1,F1d - d0153/A/1707,A1 - monomer,F1 - I222,d0414a,True
d0503a,DNV2_NS5A-x0503_A_2101_v1,DNV2_NS5A-x0503,Z1343518214,COC1CN(S(=O)(=O)N2CCCC2)C1,DNV2_NS5A-x0249/A/851/A_v1,True,2a - DNV2_NS5A-x0249/A/1707,2 - DNV2_NS5A-x0249/A/1707/1,F1e - DNV2_NS5A-x0567/A/1707/1,A1 - monomer,F1 - I222,2a - d0249/A/1707,2 - d0249/A/1707/1,F1e - d0567/A/1707,A1 - monomer,F1 - I222,2a - d0249/A/1707,2 - d0249/A/1707/1,F1e - d0567/A/1707,A1 - monomer,F1 - I222,d0503a,True
d0566a,DNV2_NS5A-x0566_A_1707_v1,DNV2_NS5A-x0566,Z1627772104,Cc1cccc(O[C@H]2CCN(C)C2=O)c1F,DNV2_NS5A-x0249/A/851/A_v1,True,2a - DNV2_NS5A-x0249/A/1707,2 - DNV2_NS5A-x0249/A/1707/1,F1e - DNV2_NS5A-x0567/A/1707/1,A1 - monomer,F1 - I222,2a - d0249/A/1707,2 - d0249/A/1707/1,F1e - d0567/A/1707,A1 - monomer,F1 - I222,2a - d0249/A/1707,2 - d0249/A/1707/1,F1e - d0567/A/1707,A1 - monomer,F1 - I222,d0566a,True
d0567a,DNV2_NS5A-x0567_A_1707_v1,DNV2_NS5A-x0567,Z1639162606,CNS(=O)(=O)c1cccc(C)c1F,DNV2_NS5A-x0249/A/851/A_v1,True,2a - DNV2_NS5A-x0249/A/1707,2 - DNV2_NS5A-x0249/A/1707/1,F1e - DNV2_NS5A-x0567/A/1707/1,A1 - monomer,F1 - I222,2a - d0249/A/1707,2 - d0249/A/1707/1,F1e - d0567/A/1707,A1 - monomer,F1 - I222,2a - d0249/A/1707,2 - d0249/A/1707/1,F1e - d0567/A/1707,A1 - monomer,F1 - I222,d0567a,True
d0587a,DNV2_NS5A-x0587_A_1801_v1,DNV2_NS5A-x0587,Z1787627869,CN(C[C@H]1CCOC1)c1ncncc1Cl,DNV2_NS5A-x0249/A/851/A_v1,True,2a - DNV2_NS5A-x0249/A/1707,2 - DNV2_NS5A-x0249/A/1707/1,F1e - DNV2_NS5A-x0567/A/1707/1,A1 - monomer,F1 - I222,2a - d0249/A/1707,2 - d0249/A/1707/1,F1e - d0567/A/1707,A1 - monomer,F1 - I222,2a - d0249/A/1707,2 - d0249/A/1707/1,F1e - d0567/A/1707,A1 - monomer,F1 - I222,d0587a,True
d0615a,DNV2_NS5A-x0615_A_1608_v1,DNV2_NS5A-x0615,Z1983897532,Cc1ncc(CNc2cncc(F)c2)s1,DNV2_NS5A-x0249/A/851/A_v1,True,2a - DNV2_NS5A-x0249/A/1707,2 - DNV2_NS5A-x0249/A/1707/1,F1e - DNV2_NS5A-x0567/A/1707/1,A1 - monomer,F1 - I222,2a - d0249/A/1707,2 - d0249/A/1707/1,F1e - d0567/A/1707,A1 - monomer,F1 - I222,2a - d0249/A/1707,2 - d0249/A/1707/1,F1e - d0567/A/1707,A1 - monomer,F1 - I222,d0615a,True
d0644a,DNV2_NS5A-x0644_A_1707_v1,DNV2_NS5A-x0644,Z221421630,COc1ccc(C(=O)C2CCNCC2)cc1,DNV2_NS5A-x0249/A/851/A_v1,True,2a - DNV2_NS5A-x0249/A/1707,2 - DNV2_NS5A-x0249/A/1707/1,F1e - DNV2_NS5A-x0567/A/1707/1,A1 - monomer,F1 - I222,2a - d0249/A/1707,2 - d0249/A/1707/1,F1e - d0567/A/1707,A1 - monomer,F1 - I222,2a - d0249/A/1707,2 - d0249/A/1707/1,F1e - d0567/A/1707,A1 - monomer,F1 - I222,d0644a,True
d0693a,DNV2_NS5A-x0693_A_1707_v1,DNV2_NS5A-x0693,Z26333434,N#Cc1ccc(Cn2cnc3ccccc32)cc1,DNV2_NS5A-x0249/A/851/A_v1,True,2a - DNV2_NS5A-x0249/A/1707,2 - DNV2_NS5A-x0249/A/1707/1,F1e - DNV2_NS5A-x0567/A/1707/1,A1 - monomer,F1 - I222,2a - d0249/A/1707,2 - d0249/A/1707/1,F1e - d0567/A/1707,A1 - monomer,F1 - I222,2a - d0249/A/1707,2 - d0249/A/1707/1,F1e - d0567/A/1707,A1 - monomer,F1 - I222,d0693a,True
d0749a,DNV2_NS5A-x0749_A_1608_v1,DNV2_NS5A-x0749,Z300245038,CN(Cc1cccc(F)c1)S(N)(=O)=O,DNV2_NS5A-x0249/A/851/A_v1,True,2a - DNV2_NS5A-x0249/A/1707,2 - DNV2_NS5A-x0249/A/1707/1,F1e - DNV2_NS5A-x0567/A/1707/1,A1 - monomer,F1 - I222,2a - d0249/A/1707,2 - d0249/A/1707/1,F1e - d0567/A/1707,A1 - monomer,F1 - I222,2a - d0249/A/1707,2 - d0249/A/1707/1,F1e - d0567/A/1707,A1 - monomer,F1 - I222,d0749a,True
d0759a,DNV2_NS5A-x0759_A_2101_v1,DNV2_NS5A-x0759,Z31432226,O=C(c1ccc2c(c1)OCO2)N1CCCCCC1,DNV2_NS5A-x0249/A/851/A_v1,True,2a - DNV2_NS5A-x0249/A/1707,2 - DNV2_NS5A-x0249/A/1707/1,F1e - DNV2_NS5A-x0567/A/1707/1,A1 - monomer,F1 - I222,2a - d0249/A/1707,2 - d0249/A/1707/1,F1e - d0567/A/1707,A1 - monomer,F1 - I222,2a - d0249/A/1707,2 - d0249/A/1707/1,F1e - d0567/A/1707,A1 - monomer,F1 - I222,d0759a,True
d0771a,DNV2_NS5A-x0771_A_1701_v1,DNV2_NS5A-x0771,Z31721798,O=C(CCC1CCCCC1)N1CCOCC1,DNV2_NS5A-x0249/A/851/A_v1,True,2a - DNV2_NS5A-x0249/A/1707,2 - DNV2_NS5A-x0249/A/1707/1,F1e - DNV2_NS5A-x0567/A/1707/1,A1 - monomer,F1 - I222,2a - d0249/A/1707,2 - d0249/A/1707/1,F1e - d0567/A/1707,A1 - monomer,F1 - I222,2a - d0249/A/1707,2 - d0249/A/1707/1,F1e - d0567/A/1707,A1 - monomer,F1 - I222,d0771a,True
d0781a,DNV2_NS5A-x0781_A_2101_v1,DNV2_NS5A-x0781,Z32327641,O=C(c1ccco1)N1CCN(C(=O)C2CC2)CC1,DNV2_NS5A-x0249/A/851/A_v1,True,2a - DNV2_NS5A-x0249/A/1707,2 - DNV2_NS5A-x0249/A/1707/1,F1e - DNV2_NS5A-x0567/A/1707/1,A1 - monomer,F1 - I222,2a - d0249/A/1707,2 - d0249/A/1707/1,F1e - d0567/A/1707,A1 - monomer,F1 - I222,2a - d0249/A/1707,2 - d0249/A/1707/1,F1e - d0567/A/1707,A1 - monomer,F1 - I222,d0781a,True
d0787a,DNV2_NS5A-x0787_A_2101_v1,DNV2_NS5A-x0787,Z32665176,CC1CCN(C(=O)c2cc3ccccc3o2)CC1,DNV2_NS5A-x0249/A/851/A_v1,True,2a - DNV2_NS5A-x0249/A/1707,2 - DNV2_NS5A-x0249/A/1707/1,F1e - DNV2_NS5A-x0567/A/1707/1,A1 - monomer,F1 - I222,2a - d0249/A/1707,2 - d0249/A/1707/1,F1e - d0567/A/1707,A1 - monomer,F1 - I222,2a - d0249/A/1707,2 - d0249/A/1707/1,F1e - d0567/A/1707,A1 - monomer,F1 - I222,d0787a,True
d0843a,DNV2_NS5A-x0843_A_1707_v1,DNV2_NS5A-x0843,Z415636694,C[C@@H](N)c1ccc(NC(=O)C2CC2)cc1,DNV2_NS5A-x0249/A/851/A_v1,True,2a - DNV2_NS5A-x0249/A/1707,2 - DNV2_NS5A-x0249/A/1707/1,F1d - DNV2_NS5A-x0153/A/1707/1,A1 - monomer,F1 - I222,2a - d0249/A/1707,2 - d0249/A/1707/1,F1d - d0153/A/1707,A1 - monomer,F1 - I222,2a - d0249/A/1707,2 - d0249/A/1707/1,F1d - d0153/A/1707,A1 - monomer,F1 - I222,d0843a,True
d1149a,DNV2_NS5A-x1149_A_1701_v1,DNV2_NS5A-x1149,Z44548882,NC(c1ccccc1)c1ccccc1,DNV2_NS5A-x0249/A/851/A_v1,True,2a - DNV2_NS5A-x0249/A/1707,2 - DNV2_NS5A-x0249/A/1707/1,F1e - DNV2_NS5A-x0567/A/1707/1,A1 - monomer,F1 - I222,2a - d0249/A/1707,2 - d0249/A/1707/1,F1e - d0567/A/1707,A1 - monomer,F1 - I222,2a - d0249/A/1707,2 - d0249/A/1707/1,F1e - d0567/A/1707,A1 - monomer,F1 - I222,d1149a,True
d1212a,DNV2_NS5A-x1212_A_1608_v1,DNV2_NS5A-x1212,Z57157143,Cc1ccc(CCNc2ccccc2)cn1,DNV2_NS5A-x0249/A/851/A_v1,True,2a - DNV2_NS5A-x0249/A/1707,2 - DNV2_NS5A-x0249/A/1707/1,F1e - DNV2_NS5A-x0567/A/1707/1,A1 - monomer,F1 - I222,2a - d0249/A/1707,2 - d0249/A/1707/1,F1e - d0567/A/1707,A1 - monomer,F1 - I222,2a - d0249/A/1707,2 - d0249/A/1707/1,F1e - d0567/A/1707,A1 - monomer,F1 - I222,d1212a,True
5hmx-a,5hmx_A_1004_v1,5hmx,,O=C(O)Cc1cc(CC(=O)O)cc(-c2cccs2)c1,DNV2_NS5A-x0249/A/851/A_v1,True,2a - DNV2_NS5A-x0249/A/1707,2 - DNV2_NS5A-x0249/A/1707/1,F2c - 5hmx/A/1004/1,A1 - monomer,F2 - C2221,2a - d0249/A/1707,2 - d0249/A/1707/1,F2c - 5hmx/A/1004/1,A1 - monomer,F2 - C2221,2a - d0249/A/1707,2 - d0249/A/1707/1,F2c - 5hmx/A/1004/1,A1 - monomer,F2 - C2221,5hmx-a,True
5hmw-a,5hmw_A_1004_v1,5hmw,,O=C(O)Cc1cc(CC(=O)O)cc(-c2ccccc2)c1,DNV2_NS5A-x0249/A/851/A_v1,True,2a - DNV2_NS5A-x0249/A/1707,2 - DNV2_NS5A-x0249/A/1707/1,F2c - 5hmx/A/1004/1,A1 - monomer,F2 - C2221,2a - d0249/A/1707,2 - d0249/A/1707/1,F2c - 5hmx/A/1004/1,A1 - monomer,F2 - C2221,2a - d0249/A/1707,2 - d0249/A/1707/1,F2c - 5hmx/A/1004/1,A1 - monomer,F2 - C2221,5hmw-a,True
d0250a,DNV2_NS5A-x0250_A_1701_v1,DNV2_NS5A-x0250,Z68639747,CCn1c(NC(C)=O)nc2ccccc21,DNV2_NS5A-x0250/A/805/A_v1,True,32a - DNV2_NS5A-x0250/A/1701,32 - DNV2_NS5A-x0250/A/1701/1,F1ay - DNV2_NS5A-x0250/A/1701/1,A1 - monomer,F1 - I222,32a - d0250/A/1701,32 - d0250/A/1701/1,F1ay - d0250/A/1701,A1 - monomer,F1 - I222,32a - d0250/A/1701,32 - d0250/A/1701/1,F1ay - d0250/A/1701,A1 - monomer,F1 - I222,d0250a,True
d0160b,DNV2_NS5A-x0160_A_1702_v1,DNV2_NS5A-x0160,Z4628744292,Cc1cn[nH]c1-c1ccncc1,DNV2_NS5A-x0254/A/512/A_v1,True,6a - DNV2_NS5A-x0254/A/1701,6 - DNV2_NS5A-x0254/A/1701/1,F1m - DNV2_NS5A-x0160/A/1702/1,A1 - monomer,F1 - I222,6a - d0254/A/1701,6 - d0254/A/1701/1,F1m - d0160/A/1702,A1 - monomer,F1 - I222,6a - d0254/A/1701,6 - d0254/A/1701/1,F1m - d0160/A/1702,A1 - monomer,F1 - I222,d0160a,True
d0160a,DNV2_NS5A-x0160_A_1608_v1,DNV2_NS5A-x0160,Z4628744292,Cc1cn[nH]c1-c1ccncc1,DNV2_NS5A-x0254/A/512/A_v1,True,6a - DNV2_NS5A-x0254/A/1701,6 - DNV2_NS5A-x0254/A/1701/1,F1n - DNV2_NS5A-x0254/A/1701/1,A1 - monomer,F1 - I222,6a - d0254/A/1701,6 - d0254/A/1701/1,F1n - d0254/A/1701,A1 - monomer,F1 - I222,6a - d0254/A/1701,6 - d0254/A/1701/1,F1n - d0254/A/1701,A1 - monomer,F1 - I222,d0160a,True
d0191a,DNV2_NS5A-x0191_A_1608_v1,DNV2_NS5A-x0191,Z55669204,c1cncc(Cn2cccc2)c1,DNV2_NS5A-x0254/A/512/A_v1,True,6a - DNV2_NS5A-x0254/A/1701,6 - DNV2_NS5A-x0254/A/1701/1,F1m - DNV2_NS5A-x0160/A/1702/1,A1 - monomer,F1 - I222,6a - d0254/A/1701,6 - d0254/A/1701/1,F1m - d0160/A/1702,A1 - monomer,F1 - I222,6a - d0254/A/1701,6 - d0254/A/1701/1,F1m - d0160/A/1702,A1 - monomer,F1 - I222,d0191a,True
d0254a,DNV2_NS5A-x0254_A_1701_v1,DNV2_NS5A-x0254,Z71580604,Cc1ccc(NC(=O)[C@@H]2CCCO2)nc1,DNV2_NS5A-x0254/A/512/A_v1,True,6a - DNV2_NS5A-x0254/A/1701,6 - DNV2_NS5A-x0254/A/1701/1,F1n - DNV2_NS5A-x0254/A/1701/1,A1 - monomer,F1 - I222,6a - d0254/A/1701,6 - d0254/A/1701/1,F1n - d0254/A/1701,A1 - monomer,F1 - I222,6a - d0254/A/1701,6 - d0254/A/1701/1,F1n - d0254/A/1701,A1 - monomer,F1 - I222,d0254a,True
d0264a,DNV2_NS5A-x0264_A_1801_v1,DNV2_NS5A-x0264,Z740611958,Cc1nc(C)c([C@H](C)NC(=O)C(C)C)s1,DNV2_NS5A-x0254/A/512/A_v1,True,6a - DNV2_NS5A-x0254/A/1701,6 - DNV2_NS5A-x0254/A/1701/1,F1o - DNV2_NS5A-x0264/A/1801/1,A1 - monomer,F1 - I222,6a - d0254/A/1701,6 - d0254/A/1701/1,F1o - d0264/A/1801,A1 - monomer,F1 - I222,6a - d0254/A/1701,6 - d0254/A/1701/1,F1o - d0264/A/1801,A1 - monomer,F1 - I222,d0264a,True
d0472a,DNV2_NS5A-x0472_A_2101_v1,DNV2_NS5A-x0472,Z1262628644,Nc1cccnc1-n1cccc1,DNV2_NS5A-x0254/A/512/A_v1,True,6a - DNV2_NS5A-x0254/A/1701,6 - DNV2_NS5A-x0254/A/1701/1,F1n - DNV2_NS5A-x0254/A/1701/1,A1 - monomer,F1 - I222,6a - d0254/A/1701,6 - d0254/A/1701/1,F1n - d0254/A/1701,A1 - monomer,F1 - I222,6a - d0254/A/1701,6 - d0254/A/1701/1,F1n - d0254/A/1701,A1 - monomer,F1 - I222,d0472a,True
d0612a,DNV2_NS5A-x0612_A_1701_v1,DNV2_NS5A-x0612,Z198194394,NC(=O)N1CCN(c2ccc(F)cc2)CC1,DNV2_NS5A-x0254/A/512/A_v1,True,6a - DNV2_NS5A-x0254/A/1701,6 - DNV2_NS5A-x0254/A/1701/1,F1m - DNV2_NS5A-x0160/A/1702/1,A1 - monomer,F1 - I222,6a - d0254/A/1701,6 - d0254/A/1701/1,F1m - d0160/A/1702,A1 - monomer,F1 - I222,6a - d0254/A/1701,6 - d0254/A/1701/1,F1m - d0160/A/1702,A1 - monomer,F1 - I222,d0612a,True
d0615b,DNV2_NS5A-x0615_A_1701_v1,DNV2_NS5A-x0615,Z1983897532,Cc1ncc(CNc2cncc(F)c2)s1,DNV2_NS5A-x0254/A/512/A_v1,True,6a - DNV2_NS5A-x0254/A/1701,6 - DNV2_NS5A-x0254/A/1701/1,F1m - DNV2_NS5A-x0160/A/1702/1,A1 - monomer,F1 - I222,6a - d0254/A/1701,6 - d0254/A/1701/1,F1m - d0160/A/1702,A1 - monomer,F1 - I222,6a - d0254/A/1701,6 - d0254/A/1701/1,F1m - d0160/A/1702,A1 - monomer,F1 - I222,d0615b,True
d0851a,DNV2_NS5A-x0851_A_1608_v1,DNV2_NS5A-x0851,POB0029,C[C@H]1CCC[C@@H](CO)N1S(C)(=O)=O,DNV2_NS5A-x0254/A/512/A_v1,True,6a - DNV2_NS5A-x0254/A/1701,6 - DNV2_NS5A-x0254/A/1701/1,F1n - DNV2_NS5A-x0254/A/1701/1,A1 - monomer,F1 - I222,6a - d0254/A/1701,6 - d0254/A/1701/1,F1n - d0254/A/1701,A1 - monomer,F1 - I222,6a - d0254/A/1701,6 - d0254/A/1701/1,F1n - d0254/A/1701,A1 - monomer,F1 - I222,d0851a,True
d0866a,DNV2_NS5A-x0866_A_2101_v1,DNV2_NS5A-x0866,POB0015,C[C@@H]1[C@H](C(=O)N2CCCC2)CCCN1S(C)(=O)=O,DNV2_NS5A-x0254/A/512/A_v1,True,6a - DNV2_NS5A-x0254/A/1701,6 - DNV2_NS5A-x0254/A/1701/1,F1m - DNV2_NS5A-x0160/A/1702/1,A1 - monomer,F1 - I222,6a - d0254/A/1701,6 - d0254/A/1701/1,F1m - d0160/A/1702,A1 - monomer,F1 - I222,6a - d0254/A/1701,6 - d0254/A/1701/1,F1m - d0160/A/1702,A1 - monomer,F1 - I222,d0866a,True
6izx-a,6izx_A_912_v1,6izx,,CC(=O)Oc1ccc2oc(=O)sc2c1,DNV2_NS5A-x0254/A/512/A_v1,True,6a - DNV2_NS5A-x0254/A/1701,6 - DNV2_NS5A-x0254/A/1701/1,F3l - 6izx/A/912/1,A1 - monomer,F3 - I432,6a - d0254/A/1701,6 - d0254/A/1701/1,F3l - 6izx/A/912/1,A1 - monomer,F3 - I432,6a - d0254/A/1701,6 - d0254/A/1701/1,F3l - 6izx/A/912/1,A1 - monomer,F3 - I432,6izx-a,True
5k5m-a,5k5m_A_1003_v1,5k5m,,COc1cccc(S(=O)(=O)NC(=O)c2cc(-c3ccc(C#CCO)s3)c(OC)cc2OC)c1,DNV2_NS5A-x0254/A/512/A_v1,True,6a - DNV2_NS5A-x0254/A/1701,6 - DNV2_NS5A-x0254/A/1701/1,F1n - DNV2_NS5A-x0254/A/1701/1,A1 - monomer,F1 - I222,6a - d0254/A/1701,6 - d0254/A/1701/1,F1n - d0254/A/1701,A1 - monomer,F1 - I222,6a - d0254/A/1701,6 - d0254/A/1701/1,F1n - d0254/A/1701,A1 - monomer,F1 - I222,5k5m-a,True
d0288a,DNV2_NS5A-x0288_A_1701_v1,DNV2_NS5A-x0288,Z851110644,CNC(=O)c1cnc(C)s1,DNV2_NS5A-x0288/A/646/A_v1,True,20a - DNV2_NS5A-x0288/A/1701,20 - DNV2_NS5A-x0288/A/1701/1,F1am - DNV2_NS5A-x0288/A/1701/1,A1 - monomer,F1 - I222,20a - d0288/A/1701,20 - d0288/A/1701/1,F1am - d0288/A/1701,A1 - monomer,F1 - I222,20a - d0288/A/1701,20 - d0288/A/1701/1,F1am - d0288/A/1701,A1 - monomer,F1 - I222,d0288a,True
d1192a,DNV2_NS5A-x1192_A_1701_v1,DNV2_NS5A-x1192,Z31113727,O=C1CCN(c2ccccn2)CC1,DNV2_NS5A-x0288/A/646/A_v1,True,20a - DNV2_NS5A-x0288/A/1701,20 - DNV2_NS5A-x0288/A/1701/1,F1am - DNV2_NS5A-x0288/A/1701/1,A1 - monomer,F1 - I222,20a - d0288/A/1701,20 - d0288/A/1701/1,F1am - d0288/A/1701,A1 - monomer,F1 - I222,20a - d0288/A/1701,20 - d0288/A/1701/1,F1am - d0288/A/1701,A1 - monomer,F1 - I222,d1192a,True
d0323a,DNV2_NS5A-x0323_A_1701_v1,DNV2_NS5A-x0323,Z952016136,Clc1cccc2nc[nH]c12,DNV2_NS5A-x0323/A/380/A_v1,True,33a - DNV2_NS5A-x0323/A/1701,33 - DNV2_NS5A-x0323/A/1701/1,F1az - DNV2_NS5A-x0323/A/1701/1,A1 - monomer,F1 - I222,33a - d0323/A/1701,33 - d0323/A/1701/1,F1az - d0323/A/1701,A1 - monomer,F1 - I222,33a - d0323/A/1701,33 - d0323/A/1701/1,F1az - d0323/A/1701,A1 - monomer,F1 - I222,d0323a,True
d0411b,DNV2_NS5A-x0411_A_1708_v1,DNV2_NS5A-x0411,Z1198177230,COc1ccccc1-c1nnco1,DNV2_NS5A-x0411/A/605/A_v1,True,21a - DNV2_NS5A-x0411/A/1707,21 - DNV2_NS5A-x0411/A/1707/1,F1an - DNV2_NS5A-x0411/A/1707/1,A1 - monomer,F1 - I222,21a - d0411/A/1707,21 - d0411/A/1707/1,F1an - d0411/A/1707,A1 - monomer,F1 - I222,21a - d0411/A/1707,21 - d0411/A/1707/1,F1an - d0411/A/1707,A1 - monomer,F1 - I222,d0411a,True
d0411a,DNV2_NS5A-x0411_A_1707_v1,DNV2_NS5A-x0411,Z1198177230,COc1ccccc1-c1nnco1,DNV2_NS5A-x0411/A/605/A_v1,True,21a - DNV2_NS5A-x0411/A/1707,21 - DNV2_NS5A-x0411/A/1707/1,F1an - DNV2_NS5A-x0411/A/1707/1,A1 - monomer,F1 - I222,21a - d0411/A/1707,21 - d0411/A/1707/1,F1an - d0411/A/1707,A1 - monomer,F1 - I222,21a - d0411/A/1707,21 - d0411/A/1707/1,F1an - d0411/A/1707,A1 - monomer,F1 - I222,d0411a,True
d0428a,DNV2_NS5A-x0428_A_1608_v1,DNV2_NS5A-x0428,Z1203329531,CC(=O)NCC1(O)CCCC1,DNV2_NS5A-x0428/A/533/A_v1,True,34a - DNV2_NS5A-x0428/A/1608,34 - DNV2_NS5A-x0428/A/1608/1,F1ba - DNV2_NS5A-x0428/A/1608/1,A1 - monomer,F1 - I222,34a - d0428/A/1608,34 - d0428/A/1608/1,F1ba - d0428/A/1608,A1 - monomer,F1 - I222,34a - d0428/A/1608,34 - d0428/A/1608/1,F1ba - d0428/A/1608,A1 - monomer,F1 - I222,d0428a,True
d0471a,DNV2_NS5A-x0471_A_1608_v1,DNV2_NS5A-x0471,Z1262617180,c1ncc2c(n1)C[C@H]1CC[C@@H]2N1,DNV2_NS5A-x0471/A/389/A_v1,True,22a - DNV2_NS5A-x0471/A/1608,22 - DNV2_NS5A-x0471/A/1608/1,F1ao - DNV2_NS5A-x0471/A/1608/1,A1 - monomer,F1 - I222,22a - d0471/A/1608,22 - d0471/A/1608/1,F1ao - d0471/A/1608,A1 - monomer,F1 - I222,22a - d0471/A/1608,22 - d0471/A/1608/1,F1ao - d0471/A/1608,A1 - monomer,F1 - I222,d0471a,True
d0851b,DNV2_NS5A-x0851_A_1701_v1,DNV2_NS5A-x0851,POB0029,C[C@H]1CCC[C@@H](CO)N1S(C)(=O)=O,DNV2_NS5A-x0471/A/389/A_v1,True,22b - DNV2_NS5A-x0851/A/1701,22 - DNV2_NS5A-x0471/A/1608/1,F1ao - DNV2_NS5A-x0471/A/1608/1,A1 - monomer,F1 - I222,22b - d0851/A/1701,22 - d0471/A/1608/1,F1ao - d0471/A/1608,A1 - monomer,F1 - I222,22b - d0851/A/1701,22 - d0471/A/1608/1,F1ao - d0471/A/1608,A1 - monomer,F1 - I222,d0851b,True
d0479a,DNV2_NS5A-x0479_A_1707_v1,DNV2_NS5A-x0479,Z1269139261,O=S1(=O)CCN(Cc2ccco2)CC1,DNV2_NS5A-x0479/A/453/A_v1,True,23a - DNV2_NS5A-x0479/A/1707,23 - DNV2_NS5A-x0479/A/1707/1,F1ap - DNV2_NS5A-x0479/A/1707/1,A1 - monomer,F1 - I222,23a - d0479/A/1707,23 - d0479/A/1707/1,F1ap - d0479/A/1707,A1 - monomer,F1 - I222,23a - d0479/A/1707,23 - d0479/A/1707/1,F1ap - d0479/A/1707,A1 - monomer,F1 - I222,d0479a,True
d0963a,DNV2_NS5A-x0963_A_1801_v1,DNV2_NS5A-x0963,NCL-00023818,Ic1cn[nH]c1,DNV2_NS5A-x0479/A/453/A_v1,True,23a - DNV2_NS5A-x0479/A/1707,23 - DNV2_NS5A-x0479/A/1707/1,F1ap - DNV2_NS5A-x0479/A/1707/1,A1 - monomer,F1 - I222,23a - d0479/A/1707,23 - d0479/A/1707/1,F1ap - d0479/A/1707,A1 - monomer,F1 - I222,23a - d0479/A/1707,23 - d0479/A/1707/1,F1ap - d0479/A/1707,A1 - monomer,F1 - I222,d0963a,True
d0789a,DNV2_NS5A-x0789_A_1701_v1,DNV2_NS5A-x0789,Z329734230,CC1=NN(c2cccc(N)c2)C(=O)C1,DNV2_NS5A-x0789/A/885/A_v1,True,35a - DNV2_NS5A-x0789/A/1701,35 - DNV2_NS5A-x0789/A/1701/1,F1bb - DNV2_NS5A-x0789/A/1701/1,A1 - monomer,F1 - I222,35a - d0789/A/1701,35 - d0789/A/1701/1,F1bb - d0789/A/1701,A1 - monomer,F1 - I222,35a - d0789/A/1701,35 - d0789/A/1701/1,F1bb - d0789/A/1701,A1 - monomer,F1 - I222,d0789a,True
d0825c,DNV2_NS5A-x0825_A_1701_v1,DNV2_NS5A-x0825,Z3765495818,NS(=O)(=O)c1cnc2cccnn12,DNV2_NS5A-x0825/A/487/A_v1,True,36a - DNV2_NS5A-x0825/A/1701,36 - DNV2_NS5A-x0825/A/1701/1,F1bc - DNV2_NS5A-x0825/A/1701/1,A1 - monomer,F1 - I222,36a - d0825/A/1701,36 - d0825/A/1701/1,F1bc - d0825/A/1701,A1 - monomer,F1 - I222,36a - d0825/A/1701,36 - d0825/A/1701/1,F1bc - d0825/A/1701,A1 - monomer,F1 - I222,d0825c,True
d0825b,DNV2_NS5A-x0825_A_1901_v1,DNV2_NS5A-x0825,Z3765495818,NS(=O)(=O)c1cnc2cccnn12,DNV2_NS5A-x0825/A/543/A_v1,True,24a - DNV2_NS5A-x0825/A/1801,24 - DNV2_NS5A-x0825/A/1801/1,F1aq - DNV2_NS5A-x0825/A/1801/1,A1 - monomer,F1 - I222,24a - d0825/A/1801,24 - d0825/A/1801/1,F1aq - d0825/A/1801,A1 - monomer,F1 - I222,24a - d0825/A/1801,24 - d0825/A/1801/1,F1aq - d0825/A/1801,A1 - monomer,F1 - I222,d0825a,True
d0825a,DNV2_NS5A-x0825_A_1801_v1,DNV2_NS5A-x0825,Z3765495818,NS(=O)(=O)c1cnc2cccnn12,DNV2_NS5A-x0825/A/543/A_v1,True,24a - DNV2_NS5A-x0825/A/1801,24 - DNV2_NS5A-x0825/A/1801/1,F1aq - DNV2_NS5A-x0825/A/1801/1,A1 - monomer,F1 - I222,24a - d0825/A/1801,24 - d0825/A/1801/1,F1aq - d0825/A/1801,A1 - monomer,F1 - I222,24a - d0825/A/1801,24 - d0825/A/1801/1,F1aq - d0825/A/1801,A1 - monomer,F1 - I222,d0825a,True
d1037b,DNV2_NS5A-x1037_A_1901_v1,DNV2_NS5A-x1037,Z3241250482,O=S1(=O)CC(O)C1,DNV2_NS5A-x1037/A/530/A_v1,True,37a - DNV2_NS5A-x1037/A/1901,37 - DNV2_NS5A-x1037/A/1901/1,F1bd - DNV2_NS5A-x1037/A/1901/1,A1 - monomer,F1 - I222,37a - d1037/A/1901,37 - d1037/A/1901/1,F1bd - d1037/A/1901,A1 - monomer,F1 - I222,37a - d1037/A/1901,37 - d1037/A/1901/1,F1bd - d1037/A/1901,A1 - monomer,F1 - I222,d1037b,True
d1037c,DNV2_NS5A-x1037_A_2101_v1,DNV2_NS5A-x1037,Z3241250482,O=S1(=O)CC(O)C1,DNV2_NS5A-x1037/A/678/A_v1,True,38a - DNV2_NS5A-x1037/A/2101,38 - DNV2_NS5A-x1037/A/2101/1,F1be - DNV2_NS5A-x1037/A/2101/1,A1 - monomer,F1 - I222,38a - d1037/A/2101,38 - d1037/A/2101/1,F1be - d1037/A/2101,A1 - monomer,F1 - I222,38a - d1037/A/2101,38 - d1037/A/2101/1,F1be - d1037/A/2101,A1 - monomer,F1 - I222,d1037c,True
d1046a,DNV2_NS5A-x1046_A_1701_v1,DNV2_NS5A-x1046,Z3219959731,O=c1cccn[nH]1,DNV2_NS5A-x1046/A/514/A_v1,True,25a - DNV2_NS5A-x1046/A/1701,25 - DNV2_NS5A-x1046/A/1701/1,F1ar - DNV2_NS5A-x1046/A/1701/1,A1 - monomer,F1 - I222,25a - d1046/A/1701,25 - d1046/A/1701/1,F1ar - d1046/A/1701,A1 - monomer,F1 - I222,25a - d1046/A/1701,25 - d1046/A/1701/1,F1ar - d1046/A/1701,A1 - monomer,F1 - I222,d1046a,True
d1073a,DNV2_NS5A-x1073_A_1608_v1,DNV2_NS5A-x1073,Z1741972704,Nc1ccon1,DNV2_NS5A-x1046/A/514/A_v1,True,25a - DNV2_NS5A-x1046/A/1701,25 - DNV2_NS5A-x1046/A/1701/1,F1ar - DNV2_NS5A-x1046/A/1701/1,A1 - monomer,F1 - I222,25a - d1046/A/1701,25 - d1046/A/1701/1,F1ar - d1046/A/1701,A1 - monomer,F1 - I222,25a - d1046/A/1701,25 - d1046/A/1701/1,F1ar - d1046/A/1701,A1 - monomer,F1 - I222,d1073a,True
d1094a,DNV2_NS5A-x1094_A_1701_v1,DNV2_NS5A-x1094,HL11,Brc1ncccn1,DNV2_NS5A-x1094/A/711/A_v1,True,39a - DNV2_NS5A-x1094/A/1701,39 - DNV2_NS5A-x1094/A/1701/1,F1bf - DNV2_NS5A-x1094/A/1701/1,A1 - monomer,F1 - I222,39a - d1094/A/1701,39 - d1094/A/1701/1,F1bf - d1094/A/1701,A1 - monomer,F1 - I222,39a - d1094/A/1701,39 - d1094/A/1701/1,F1bf - d1094/A/1701,A1 - monomer,F1 - I222,d1094a,True
d1196a,DNV2_NS5A-x1196_A_1701_v1,DNV2_NS5A-x1196,Z48978335,O=C1NC2(CCCC2)Nc2ccccc21,DNV2_NS5A-x1196/A/662/A_v1,True,40a - DNV2_NS5A-x1196/A/1701,40 - DNV2_NS5A-x1196/A/1701/1,F1bg - DNV2_NS5A-x1196/A/1701/1,A1 - monomer,F1 - I222,40a - d1196/A/1701,40 - d1196/A/1701/1,F1bg - d1196/A/1701,A1 - monomer,F1 - I222,40a - d1196/A/1701,40 - d1196/A/1701/1,F1bg - d1196/A/1701,A1 - monomer,F1 - I222,d1196a,True
d1217a,DNV2_NS5A-x1217_A_1608_v1,DNV2_NS5A-x1217,Z53833304,CCn1cnc2ccccc21,DNV2_NS5A-x1217/A/677/A_v1,True,41a - DNV2_NS5A-x1217/A/1608,41 - DNV2_NS5A-x1217/A/1608/1,F1bh - DNV2_NS5A-x1217/A/1608/1,A1 - monomer,F1 - I222,41a - d1217/A/1608,41 - d1217/A/1608/1,F1bh - d1217/A/1608,A1 - monomer,F1 - I222,41a - d1217/A/1608,41 - d1217/A/1608/1,F1bh - d1217/A/1608,A1 - monomer,F1 - I222,d1217a,True
z0041b,Zika_NS5A-x0041_A_1112_v1,Zika_NS5A-x0041,Z100643660,CNC(=O)c1cn(C)c2ccccc12,Zika_NS5A-x0041/A/565/A_v1,True,7a - Zika_NS5A-x0041/A/1112,7 - Zika_NS5A-x0041/A/1112/1,F4p - Zika_NS5A-x0364/A/1112/1,A1 - monomer,F4 - P43212,7a - z0041/A/1112,7 - z0041/A/1112/1,F4p - z0364/A/1112,A1 - monomer,F4 - P43212,7a - z0041/A/1112,7 - z0041/A/1112/1,F4p - z0364/A/1112,A1 - monomer,F4 - P43212,z0041b,True
z0184b,Zika_NS5A-x0184_A_1113_v1,Zika_NS5A-x0184,Z1449748885,COc1ccc(NC(=O)CN)cc1,Zika_NS5A-x0041/A/565/A_v1,True,7a - Zika_NS5A-x0041/A/1112,7 - Zika_NS5A-x0041/A/1112/1,F4p - Zika_NS5A-x0364/A/1112/1,A1 - monomer,F4 - P43212,7a - z0041/A/1112,7 - z0041/A/1112/1,F4p - z0364/A/1112,A1 - monomer,F4 - P43212,7a - z0041/A/1112,7 - z0041/A/1112/1,F4p - z0364/A/1112,A1 - monomer,F4 - P43212,z0184b,True
z0264a,Zika_NS5A-x0264_A_1101_v1,Zika_NS5A-x0264,Z198194394,NC(=O)N1CCN(c2ccc(F)cc2)CC1,Zika_NS5A-x0041/A/565/A_v1,True,7a - Zika_NS5A-x0041/A/1112,7 - Zika_NS5A-x0041/A/1112/1,F4p - Zika_NS5A-x0364/A/1112/1,A1 - monomer,F4 - P43212,7a - z0041/A/1112,7 - z0041/A/1112/1,F4p - z0364/A/1112,A1 - monomer,F4 - P43212,7a - z0041/A/1112,7 - z0041/A/1112/1,F4p - z0364/A/1112,A1 - monomer,F4 - P43212,z0264a,True
z0364b,Zika_NS5A-x0364_A_1112_v1,Zika_NS5A-x0364,Z285141302,CC(=O)N[C@H]1CNc2ccccc2C1,Zika_NS5A-x0041/A/565/A_v1,True,7a - Zika_NS5A-x0041/A/1112,7 - Zika_NS5A-x0041/A/1112/1,F4p - Zika_NS5A-x0364/A/1112/1,A1 - monomer,F4 - P43212,7a - z0041/A/1112,7 - z0041/A/1112/1,F4p - z0364/A/1112,A1 - monomer,F4 - P43212,7a - z0041/A/1112,7 - z0041/A/1112/1,F4p - z0364/A/1112,A1 - monomer,F4 - P43212,z0364b,True
z0415a,Zika_NS5A-x0415_A_1101_v1,Zika_NS5A-x0415,Z3244609881,Fc1cccc([C@@H]2CCCCN2)c1,Zika_NS5A-x0041/A/565/A_v1,True,7a - Zika_NS5A-x0041/A/1112,7 - Zika_NS5A-x0041/A/1112/1,F4p - Zika_NS5A-x0364/A/1112/1,A1 - monomer,F4 - P43212,7a - z0041/A/1112,7 - z0041/A/1112/1,F4p - z0364/A/1112,A1 - monomer,F4 - P43212,7a - z0041/A/1112,7 - z0041/A/1112/1,F4p - z0364/A/1112,A1 - monomer,F4 - P43212,z0415a,True
z0581b,Zika_NS5A-x0581_A_1112_v1,Zika_NS5A-x0581,Z758198920,CC(=O)N1CCOc2ccccc2C1,Zika_NS5A-x0041/A/565/A_v1,True,7a - Zika_NS5A-x0041/A/1112,7 - Zika_NS5A-x0041/A/1112/1,F4p - Zika_NS5A-x0364/A/1112/1,A1 - monomer,F4 - P43212,7a - z0041/A/1112,7 - z0041/A/1112/1,F4p - z0364/A/1112,A1 - monomer,F4 - P43212,7a - z0041/A/1112,7 - z0041/A/1112/1,F4p - z0364/A/1112,A1 - monomer,F4 - P43212,z0581b,True
z0625c,Zika_NS5A-x0625_A_1302_v1,Zika_NS5A-x0625,Z959357244,Cc1cc(F)ccc1CS(N)(=O)=O,Zika_NS5A-x0041/A/565/A_v1,True,7a - Zika_NS5A-x0041/A/1112,7 - Zika_NS5A-x0041/A/1112/1,F4p - Zika_NS5A-x0364/A/1112/1,A1 - monomer,F4 - P43212,7a - z0041/A/1112,7 - z0041/A/1112/1,F4p - z0364/A/1112,A1 - monomer,F4 - P43212,7a - z0041/A/1112,7 - z0041/A/1112/1,F4p - z0364/A/1112,A1 - monomer,F4 - P43212,z0625c,True
z0875b,Zika_NS5A-x0875_A_1208_v1,Zika_NS5A-x0875,Z2301685688,N#Cc1c[nH]cn1,Zika_NS5A-x0041/A/565/A_v1,True,7a - Zika_NS5A-x0041/A/1112,7 - Zika_NS5A-x0041/A/1112/1,F4q - Zika_NS5A-x0875/A/1208/1,A1 - monomer,F4 - P43212,7a - z0041/A/1112,7 - z0041/A/1112/1,F4q - z0875/A/1208,A1 - monomer,F4 - P43212,7a - z0041/A/1112,7 - z0041/A/1112/1,F4q - z0875/A/1208,A1 - monomer,F4 - P43212,z0875a,True
z0875a,Zika_NS5A-x0875_A_1101_v1,Zika_NS5A-x0875,Z2301685688,N#Cc1c[nH]cn1,Zika_NS5A-x0041/A/565/A_v1,True,7a - Zika_NS5A-x0041/A/1112,7 - Zika_NS5A-x0041/A/1112/1,F4p - Zika_NS5A-x0364/A/1112/1,A1 - monomer,F4 - P43212,7a - z0041/A/1112,7 - z0041/A/1112/1,F4p - z0364/A/1112,A1 - monomer,F4 - P43212,7a - z0041/A/1112,7 - z0041/A/1112/1,F4p - z0364/A/1112,A1 - monomer,F4 - P43212,z0875a,True
z0920b,Zika_NS5A-x0920_A_1101_v1,Zika_NS5A-x0920,Z56791928,Cn1c(N)nc2ccccc21,Zika_NS5A-x0041/A/565/A_v1,True,7a - Zika_NS5A-x0041/A/1112,7 - Zika_NS5A-x0041/A/1112/1,F4p - Zika_NS5A-x0364/A/1112/1,A1 - monomer,F4 - P43212,7a - z0041/A/1112,7 - z0041/A/1112/1,F4p - z0364/A/1112,A1 - monomer,F4 - P43212,7a - z0041/A/1112,7 - z0041/A/1112/1,F4p - z0364/A/1112,A1 - monomer,F4 - P43212,z0920b,True
z0999a,Zika_NS5A-x0999_A_1101_v1,Zika_NS5A-x0999,Z1618027593,Cn1nc(C(N)=O)c2ccccc21,Zika_NS5A-x0041/A/565/A_v1,True,7a - Zika_NS5A-x0041/A/1112,7 - Zika_NS5A-x0041/A/1112/1,F4p - Zika_NS5A-x0364/A/1112/1,A1 - monomer,F4 - P43212,7a - z0041/A/1112,7 - z0041/A/1112/1,F4p - z0364/A/1112,A1 - monomer,F4 - P43212,7a - z0041/A/1112,7 - z0041/A/1112/1,F4p - z0364/A/1112,A1 - monomer,F4 - P43212,z0999a,True
z0052a,Zika_NS5A-x0052_A_1112_v1,Zika_NS5A-x0052,Z104474266,OCCN1CCOCC1,Zika_NS5A-x0103/A/711/A_v1,True,11a - Zika_NS5A-x0103/A/1112,11 - Zika_NS5A-x0103/A/1112/1,F4x - Zika_NS5A-x0052/A/1112/1,A1 - monomer,F4 - P43212,11a - z0103/A/1112,11 - z0103/A/1112/1,F4x - z0052/A/1112,A1 - monomer,F4 - P43212,11a - z0103/A/1112,11 - z0103/A/1112/1,F4x - z0052/A/1112,A1 - monomer,F4 - P43212,z0052a,True
z0103a,Zika_NS5A-x0103_A_1112_v1,Zika_NS5A-x0103,Z1203191681,CC(=O)NCc1ncc[nH]1,Zika_NS5A-x0103/A/711/A_v1,True,11a - Zika_NS5A-x0103/A/1112,11 - Zika_NS5A-x0103/A/1112/1,F4y - Zika_NS5A-x0103/A/1112/1,A1 - monomer,F4 - P43212,11a - z0103/A/1112,11 - z0103/A/1112/1,F4y - z0103/A/1112,A1 - monomer,F4 - P43212,11a - z0103/A/1112,11 - z0103/A/1112/1,F4y - z0103/A/1112,A1 - monomer,F4 - P43212,z0103a,True
z0821a,Zika_NS5A-x0821_A_1013_v1,Zika_NS5A-x0821,Z1259087003,OCC1CC1,Zika_NS5A-x0103/A/711/A_v1,True,11a - Zika_NS5A-x0103/A/1112,11 - Zika_NS5A-x0103/A/1112/1,F4z - Zika_NS5A-x0821/A/1013/1,A1 - monomer,F4 - P43212,11a - z0103/A/1112,11 - z0103/A/1112/1,F4z - z0821/A/1013,A1 - monomer,F4 - P43212,11a - z0103/A/1112,11 - z0103/A/1112/1,F4z - z0821/A/1013,A1 - monomer,F4 - P43212,z0821a,True
z0875c,Zika_NS5A-x0875_A_1201_v1,Zika_NS5A-x0875,Z2301685688,N#Cc1c[nH]cn1,Zika_NS5A-x0103/A/711/A_v1,True,11a - Zika_NS5A-x0103/A/1112,11 - Zika_NS5A-x0103/A/1112/1,F4y - Zika_NS5A-x0103/A/1112/1,A1 - monomer,F4 - P43212,11a - z0103/A/1112,11 - z0103/A/1112/1,F4y - z0103/A/1112,A1 - monomer,F4 - P43212,11a - z0103/A/1112,11 - z0103/A/1112/1,F4y - z0103/A/1112,A1 - monomer,F4 - P43212,z0875c,True
6ld2-a,6ld2_A_903_v1,6ld2,,CO[C@H]1C[C@H](OC)[C@H](c2cccs2)C[C@@H]1C(=O)O,Zika_NS5A-x0103/A/711/A_v1,True,11a - Zika_NS5A-x0103/A/1112,11 - Zika_NS5A-x0103/A/1112/1,F5w - 6ld2/A/903/1,A1 - monomer,F5 - P1211,11a - z0103/A/1112,11 - z0103/A/1112/1,F5w - 6ld2/A/903/1,A1 - monomer,F5 - P1211,11a - z0103/A/1112,11 - z0103/A/1112/1,F5w - 6ld2/A/903/1,A1 - monomer,F5 - P1211,6ld2-a,True
z0107b,Zika_NS5A-x0107_A_1108_v1,Zika_NS5A-x0107,Z1203730757,COc1cccc2[nH]ccc12,Zika_NS5A-x0107/A/720/A_v1,True,26a - Zika_NS5A-x0107/A/1108,26 - Zika_NS5A-x0107/A/1108/1,F4as - Zika_NS5A-x0107/A/1108/1,A1 - monomer,F4 - P43212,26a - z0107/A/1108,26 - z0107/A/1108/1,F4as - z0107/A/1108,A1 - monomer,F4 - P43212,26a - z0107/A/1108,26 - z0107/A/1108/1,F4as - z0107/A/1108,A1 - monomer,F4 - P43212,z0107b,True
z0136d,Zika_NS5A-x0136_A_1019_v1,Zika_NS5A-x0136,Z1255459547,CC(=O)Nc1cccc2cc[nH]c12,Zika_NS5A-x0107/A/720/A_v1,True,26a - Zika_NS5A-x0107/A/1108,26 - Zika_NS5A-x0107/A/1108/1,F4as - Zika_NS5A-x0107/A/1108/1,A1 - monomer,F4 - P43212,26a - z0107/A/1108,26 - z0107/A/1108/1,F4as - z0107/A/1108,A1 - monomer,F4 - P43212,26a - z0107/A/1108,26 - z0107/A/1108/1,F4as - z0107/A/1108,A1 - monomer,F4 - P43212,z0136d,True
z0111b,Zika_NS5A-x0111_A_1112_v1,Zika_NS5A-x0111,Z1216833237,CNc1nccc2ccccc12,Zika_NS5A-x0111/A/523/A_v1,True,8a - Zika_NS5A-x0111/A/1112,8 - Zika_NS5A-x0111/A/1112/1,F4r - Zika_NS5A-x0111/A/1112/1,A1 - monomer,F4 - P43212,8a - z0111/A/1112,8 - z0111/A/1112/1,F4r - z0111/A/1112,A1 - monomer,F4 - P43212,8a - z0111/A/1112,8 - z0111/A/1112/1,F4r - z0111/A/1112,A1 - monomer,F4 - P43212,z0111b,True
z0307b,Zika_NS5A-x0307_A_1101_v1,Zika_NS5A-x0307,Z234898049,Cc1nc(-c2cccc(N)c2)no1,Zika_NS5A-x0111/A/523/A_v1,True,8a - Zika_NS5A-x0111/A/1112,8 - Zika_NS5A-x0111/A/1112/1,F4r - Zika_NS5A-x0111/A/1112/1,A1 - monomer,F4 - P43212,8a - z0111/A/1112,8 - z0111/A/1112/1,F4r - z0111/A/1112,A1 - monomer,F4 - P43212,8a - z0111/A/1112,8 - z0111/A/1112/1,F4r - z0111/A/1112,A1 - monomer,F4 - P43212,z0307b,True
z0418a,Zika_NS5A-x0418_A_1013_v1,Zika_NS5A-x0418,Z329734230,CC1=NN(c2cccc(N)c2)C(=O)C1,Zika_NS5A-x0111/A/523/A_v1,True,8a - Zika_NS5A-x0111/A/1112,8 - Zika_NS5A-x0111/A/1112/1,F4r - Zika_NS5A-x0111/A/1112/1,A1 - monomer,F4 - P43212,8a - z0111/A/1112,8 - z0111/A/1112/1,F4r - z0111/A/1112,A1 - monomer,F4 - P43212,8a - z0111/A/1112,8 - z0111/A/1112/1,F4r - z0111/A/1112,A1 - monomer,F4 - P43212,z0418a,True
z0501a,Zika_NS5A-x0501_A_1013_v1,Zika_NS5A-x0501,Z52214433,Cc1ccccc1CC(N)=O,Zika_NS5A-x0111/A/523/A_v1,True,8a - Zika_NS5A-x0111/A/1112,8 - Zika_NS5A-x0111/A/1112/1,F4r - Zika_NS5A-x0111/A/1112/1,A1 - monomer,F4 - P43212,8a - z0111/A/1112,8 - z0111/A/1112/1,F4r - z0111/A/1112,A1 - monomer,F4 - P43212,8a - z0111/A/1112,8 - z0111/A/1112/1,F4r - z0111/A/1112,A1 - monomer,F4 - P43212,z0501a,True
z0858a,Zika_NS5A-x0858_A_1013_v1,Zika_NS5A-x0858,Z59181971,CCC(=O)NO,Zika_NS5A-x0111/A/523/A_v1,True,8a - Zika_NS5A-x0111/A/1112,8 - Zika_NS5A-x0111/A/1112/1,F4r - Zika_NS5A-x0111/A/1112/1,A1 - monomer,F4 - P43212,8a - z0111/A/1112,8 - z0111/A/1112/1,F4r - z0111/A/1112,A1 - monomer,F4 - P43212,8a - z0111/A/1112,8 - z0111/A/1112/1,F4r - z0111/A/1112,A1 - monomer,F4 - P43212,z0858a,True
z0881b,Zika_NS5A-x0881_A_1101_v1,Zika_NS5A-x0881,Z1101437586,Cc1cc2ccccc2nc1N,Zika_NS5A-x0111/A/523/A_v1,True,8a - Zika_NS5A-x0111/A/1112,8 - Zika_NS5A-x0111/A/1112/1,F4r - Zika_NS5A-x0111/A/1112/1,A1 - monomer,F4 - P43212,8a - z0111/A/1112,8 - z0111/A/1112/1,F4r - z0111/A/1112,A1 - monomer,F4 - P43212,8a - z0111/A/1112,8 - z0111/A/1112/1,F4r - z0111/A/1112,A1 - monomer,F4 - P43212,z0881b,True
z0987a,Zika_NS5A-x0987_A_1112_v1,Zika_NS5A-x0987,Z1267800292,CNC(=O)c1cccc2cc[nH]c12,Zika_NS5A-x0111/A/523/A_v1,True,8a - Zika_NS5A-x0111/A/1112,8 - Zika_NS5A-x0111/A/1112/1,F4r - Zika_NS5A-x0111/A/1112/1,A1 - monomer,F4 - P43212,8a - z0111/A/1112,8 - z0111/A/1112/1,F4r - z0111/A/1112,A1 - monomer,F4 - P43212,8a - z0111/A/1112,8 - z0111/A/1112/1,F4r - z0111/A/1112,A1 - monomer,F4 - P43212,z0987a,True
z1024a,Zika_NS5A-x1024_A_1101_v1,Zika_NS5A-x1024,Z287484230,Cc1nn(C)c(C)c1CC(N)=O,Zika_NS5A-x0111/A/523/A_v1,True,8a - Zika_NS5A-x0111/A/1112,8 - Zika_NS5A-x0111/A/1112/1,F4r - Zika_NS5A-x0111/A/1112/1,A1 - monomer,F4 - P43212,8a - z0111/A/1112,8 - z0111/A/1112/1,F4r - z0111/A/1112,A1 - monomer,F4 - P43212,8a - z0111/A/1112,8 - z0111/A/1112/1,F4r - z0111/A/1112,A1 - monomer,F4 - P43212,z1024a,True
z0112a,Zika_NS5A-x0112_A_1201_v1,Zika_NS5A-x0112,Z1216861874,O=c1ccc(OC(F)F)c[nH]1,Zika_NS5A-x0112/A/783/A_v1,True,27a - Zika_NS5A-x0112/A/1201,27 - Zika_NS5A-x0112/A/1201/1,F4at - Zika_NS5A-x0112/A/1201/1,A1 - monomer,F4 - P43212,27a - z0112/A/1201,27 - z0112/A/1201/1,F4at - z0112/A/1201,A1 - monomer,F4 - P43212,27a - z0112/A/1201,27 - z0112/A/1201/1,F4at - z0112/A/1201,A1 - monomer,F4 - P43212,z0112a,True
z0875d,Zika_NS5A-x0875_A_1013_v1,Zika_NS5A-x0875,Z2301685688,N#Cc1c[nH]cn1,Zika_NS5A-x0112/A/783/A_v1,True,27a - Zika_NS5A-x0112/A/1201,27 - Zika_NS5A-x0112/A/1201/1,F4at - Zika_NS5A-x0112/A/1201/1,A1 - monomer,F4 - P43212,27a - z0112/A/1201,27 - z0112/A/1201/1,F4at - z0112/A/1201,A1 - monomer,F4 - P43212,27a - z0112/A/1201,27 - z0112/A/1201/1,F4at - z0112/A/1201,A1 - monomer,F4 - P43212,z0875d,True
z0136b,Zika_NS5A-x0136_A_1016_v1,Zika_NS5A-x0136,Z1255459547,CC(=O)Nc1cccc2cc[nH]c12,Zika_NS5A-x0136/A/325/A_v1,True,4a - Zika_NS5A-x0136/A/1016,4 - Zika_NS5A-x0136/A/1016/1,F4i - Zika_NS5A-x0136/A/1016/1,A1 - monomer,F4 - P43212,4a - z0136/A/1016,4 - z0136/A/1016/1,F4i - z0136/A/1016,A1 - monomer,F4 - P43212,4a - z0136/A/1016,4 - z0136/A/1016/1,F4i - z0136/A/1016,A1 - monomer,F4 - P43212,z0136b,True
z0184a,Zika_NS5A-x0184_A_1112_v1,Zika_NS5A-x0184,Z1449748885,COc1ccc(NC(=O)CN)cc1,Zika_NS5A-x0136/A/325/A_v1,True,4a - Zika_NS5A-x0136/A/1016,4 - Zika_NS5A-x0136/A/1016/1,F4i - Zika_NS5A-x0136/A/1016/1,A1 - monomer,F4 - P43212,4a - z0136/A/1016,4 - z0136/A/1016/1,F4i - z0136/A/1016,A1 - monomer,F4 - P43212,4a - z0136/A/1016,4 - z0136/A/1016/1,F4i - z0136/A/1016,A1 - monomer,F4 - P43212,z0184a,True
z0186a,Zika_NS5A-x0186_A_1101_v1,Zika_NS5A-x0186,Z1457279522,Cc1ccc(F)c(C(=O)N2CCN[C@H](C)C2)c1,Zika_NS5A-x0136/A/325/A_v1,True,4a - Zika_NS5A-x0136/A/1016,4 - Zika_NS5A-x0136/A/1016/1,F4i - Zika_NS5A-x0136/A/1016/1,A1 - monomer,F4 - P43212,4a - z0136/A/1016,4 - z0136/A/1016/1,F4i - z0136/A/1016,A1 - monomer,F4 - P43212,4a - z0136/A/1016,4 - z0136/A/1016/1,F4i - z0136/A/1016,A1 - monomer,F4 - P43212,z0186a,True
z0207a,Zika_NS5A-x0207_A_1201_v1,Zika_NS5A-x0207,Z1546887028,C[C@H](CO)N(C)c1ncc(Cl)cn1,Zika_NS5A-x0136/A/325/A_v1,True,4a - Zika_NS5A-x0136/A/1016,4 - Zika_NS5A-x0136/A/1016/1,F4i - Zika_NS5A-x0136/A/1016/1,A1 - monomer,F4 - P43212,4a - z0136/A/1016,4 - z0136/A/1016/1,F4i - z0136/A/1016,A1 - monomer,F4 - P43212,4a - z0136/A/1016,4 - z0136/A/1016/1,F4i - z0136/A/1016,A1 - monomer,F4 - P43212,z0207a,True
z0397a,Zika_NS5A-x0397_A_1112_v1,Zika_NS5A-x0397,Z31602870,O=C1CN(C(=O)COc2ccccc2)CCN1,Zika_NS5A-x0136/A/325/A_v1,True,4a - Zika_NS5A-x0136/A/1016,4 - Zika_NS5A-x0136/A/1016/1,F4i - Zika_NS5A-x0136/A/1016/1,A1 - monomer,F4 - P43212,4a - z0136/A/1016,4 - z0136/A/1016/1,F4i - z0136/A/1016,A1 - monomer,F4 - P43212,4a - z0136/A/1016,4 - z0136/A/1016/1,F4i - z0136/A/1016,A1 - monomer,F4 - P43212,z0397a,True
z0481b,Zika_NS5A-x0481_A_1301_v1,Zika_NS5A-x0481,Z445186088,Fc1ccccc1NCc1cc[nH]n1,Zika_NS5A-x0136/A/325/A_v1,True,4a - Zika_NS5A-x0136/A/1016,4 - Zika_NS5A-x0136/A/1016/1,F4i - Zika_NS5A-x0136/A/1016/1,A1 - monomer,F4 - P43212,4a - z0136/A/1016,4 - z0136/A/1016/1,F4i - z0136/A/1016,A1 - monomer,F4 - P43212,4a - z0136/A/1016,4 - z0136/A/1016/1,F4i - z0136/A/1016,A1 - monomer,F4 - P43212,z0481b,True
z0625b,Zika_NS5A-x0625_A_1112_v1,Zika_NS5A-x0625,Z959357244,Cc1cc(F)ccc1CS(N)(=O)=O,Zika_NS5A-x0136/A/325/A_v1,True,4a - Zika_NS5A-x0136/A/1016,4 - Zika_NS5A-x0136/A/1016/1,F4i - Zika_NS5A-x0136/A/1016/1,A1 - monomer,F4 - P43212,4a - z0136/A/1016,4 - z0136/A/1016/1,F4i - z0136/A/1016,A1 - monomer,F4 - P43212,4a - z0136/A/1016,4 - z0136/A/1016/1,F4i - z0136/A/1016,A1 - monomer,F4 - P43212,z0625b,True
z0767a,Zika_NS5A-x0767_A_1101_v1,Zika_NS5A-x0767,NCL-00024671,OCCn1cc(Br)cn1,Zika_NS5A-x0136/A/325/A_v1,True,4a - Zika_NS5A-x0136/A/1016,4 - Zika_NS5A-x0136/A/1016/1,F4i - Zika_NS5A-x0136/A/1016/1,A1 - monomer,F4 - P43212,4a - z0136/A/1016,4 - z0136/A/1016/1,F4i - z0136/A/1016,A1 - monomer,F4 - P43212,4a - z0136/A/1016,4 - z0136/A/1016/1,F4i - z0136/A/1016,A1 - monomer,F4 - P43212,z0767a,True
z0892b,Zika_NS5A-x0892_A_1201_v1,Zika_NS5A-x0892,Z56823075,CCc1ccc(NC2=NCCCS2)cc1,Zika_NS5A-x0136/A/325/A_v1,True,4a - Zika_NS5A-x0136/A/1016,4 - Zika_NS5A-x0136/A/1016/1,F4i - Zika_NS5A-x0136/A/1016/1,A1 - monomer,F4 - P43212,4a - z0136/A/1016,4 - z0136/A/1016/1,F4i - z0136/A/1016,A1 - monomer,F4 - P43212,4a - z0136/A/1016,4 - z0136/A/1016/1,F4i - z0136/A/1016,A1 - monomer,F4 - P43212,z0892b,True
z0898a,Zika_NS5A-x0898_A_1013_v1,Zika_NS5A-x0898,Z228586860,O=C(c1ccccc1F)N1CCNCC1,Zika_NS5A-x0136/A/325/A_v1,True,4a - Zika_NS5A-x0136/A/1016,4 - Zika_NS5A-x0136/A/1016/1,F4i - Zika_NS5A-x0136/A/1016/1,A1 - monomer,F4 - P43212,4a - z0136/A/1016,4 - z0136/A/1016/1,F4i - z0136/A/1016,A1 - monomer,F4 - P43212,4a - z0136/A/1016,4 - z0136/A/1016/1,F4i - z0136/A/1016,A1 - monomer,F4 - P43212,z0898a,True
z0903c,Zika_NS5A-x0903_A_1112_v1,Zika_NS5A-x0903,Z56862798,O=C1NC(=O)[C@@]2(CCc3ccccc32)N1,Zika_NS5A-x0136/A/325/A_v1,True,4a - Zika_NS5A-x0136/A/1016,4 - Zika_NS5A-x0136/A/1016/1,F4i - Zika_NS5A-x0136/A/1016/1,A1 - monomer,F4 - P43212,4a - z0136/A/1016,4 - z0136/A/1016/1,F4i - z0136/A/1016,A1 - monomer,F4 - P43212,4a - z0136/A/1016,4 - z0136/A/1016/1,F4i - z0136/A/1016,A1 - monomer,F4 - P43212,z0903c,True
z0927a,Zika_NS5A-x0927_A_1101_v1,Zika_NS5A-x0927,Z1255450314,Cn1nc(C(F)(F)F)cc1O,Zika_NS5A-x0136/A/325/A_v1,True,4a - Zika_NS5A-x0136/A/1016,4 - Zika_NS5A-x0136/A/1016/1,F4i - Zika_NS5A-x0136/A/1016/1,A1 - monomer,F4 - P43212,4a - z0136/A/1016,4 - z0136/A/1016/1,F4i - z0136/A/1016,A1 - monomer,F4 - P43212,4a - z0136/A/1016,4 - z0136/A/1016/1,F4i - z0136/A/1016,A1 - monomer,F4 - P43212,z0927a,True
z0968a,Zika_NS5A-x0968_A_1202_v1,Zika_NS5A-x0968,Z362043378,Oc1cnc(-c2ccccc2)nc1,Zika_NS5A-x0136/A/325/A_v1,True,4a - Zika_NS5A-x0136/A/1016,4 - Zika_NS5A-x0136/A/1016/1,F4i - Zika_NS5A-x0136/A/1016/1,A1 - monomer,F4 - P43212,4a - z0136/A/1016,4 - z0136/A/1016/1,F4i - z0136/A/1016,A1 - monomer,F4 - P43212,4a - z0136/A/1016,4 - z0136/A/1016/1,F4i - z0136/A/1016,A1 - monomer,F4 - P43212,z0968a,True
z0991b,Zika_NS5A-x0991_A_1013_v1,Zika_NS5A-x0991,Z133716556,CS(=O)(=O)N[C@@H]1CCOc2ccccc21,Zika_NS5A-x0136/A/325/A_v1,True,4a - Zika_NS5A-x0136/A/1016,4 - Zika_NS5A-x0136/A/1016/1,F4i - Zika_NS5A-x0136/A/1016/1,A1 - monomer,F4 - P43212,4a - z0136/A/1016,4 - z0136/A/1016/1,F4i - z0136/A/1016,A1 - monomer,F4 - P43212,4a - z0136/A/1016,4 - z0136/A/1016/1,F4i - z0136/A/1016,A1 - monomer,F4 - P43212,z0991b,True
z0176b,Zika_NS5A-x0176_A_1103_v1,Zika_NS5A-x0176,Z1398461996,C[C@@H](N)c1nc(Cc2ccccc2)no1,Zika_NS5A-x0176/A/636/A_v1,True,42a - Zika_NS5A-x0176/A/1103,42 - Zika_NS5A-x0176/A/1103/1,F4bi - Zika_NS5A-x0176/A/1103/1,A1 - monomer,F4 - P43212,42a - z0176/A/1103,42 - z0176/A/1103/1,F4bi - z0176/A/1103,A1 - monomer,F4 - P43212,42a - z0176/A/1103,42 - z0176/A/1103/1,F4bi - z0176/A/1103,A1 - monomer,F4 - P43212,z0176b,True
z0193a,Zika_NS5A-x0193_A_1201_v1,Zika_NS5A-x0193,Z1491215378,CS(=O)(=O)NC1CCNCC1,Zika_NS5A-x0193/A/803/A_v1,True,28a - Zika_NS5A-x0193/A/1201,28 - Zika_NS5A-x0193/A/1201/1,F4au - Zika_NS5A-x0193/A/1201/1,A1 - monomer,F4 - P43212,28a - z0193/A/1201,28 - z0193/A/1201/1,F4au - z0193/A/1201,A1 - monomer,F4 - P43212,28a - z0193/A/1201,28 - z0193/A/1201/1,F4au - z0193/A/1201,A1 - monomer,F4 - P43212,z0193a,True
z0471a,Zika_NS5A-x0471_A_1013_v1,Zika_NS5A-x0471,Z432051392,O=C(c1cn[nH]c1)N1CCOCC1,Zika_NS5A-x0193/A/803/A_v1,True,28a - Zika_NS5A-x0193/A/1201,28 - Zika_NS5A-x0193/A/1201/1,F4au - Zika_NS5A-x0193/A/1201/1,A1 - monomer,F4 - P43212,28a - z0193/A/1201,28 - z0193/A/1201/1,F4au - z0193/A/1201,A1 - monomer,F4 - P43212,28a - z0193/A/1201,28 - z0193/A/1201/1,F4au - z0193/A/1201,A1 - monomer,F4 - P43212,z0471a,True
z0252a,Zika_NS5A-x0252_A_1101_v1,Zika_NS5A-x0252,Z1889787519,C[C@H](O)CNCc1ccc2c(c1)OCO2,Zika_NS5A-x0252/A/387/A_v1,True,43a - Zika_NS5A-x0252/A/1101,43 - Zika_NS5A-x0252/A/1101/1,F4bj - Zika_NS5A-x0252/A/1101/1,A1 - monomer,F4 - P43212,43a - z0252/A/1101,43 - z0252/A/1101/1,F4bj - z0252/A/1101,A1 - monomer,F4 - P43212,43a - z0252/A/1101,43 - z0252/A/1101/1,F4bj - z0252/A/1101,A1 - monomer,F4 - P43212,z0252a,True
z0266a,Zika_NS5A-x0266_A_1013_v1,Zika_NS5A-x0266,Z198195770,CC(=O)Nc1cccc(NC(N)=O)c1,Zika_NS5A-x0266/A/807/A_v1,True,44a - Zika_NS5A-x0266/A/1013,44 - Zika_NS5A-x0266/A/1013/1,F4bk - Zika_NS5A-x0266/A/1013/1,A1 - monomer,F4 - P43212,44a - z0266/A/1013,44 - z0266/A/1013/1,F4bk - z0266/A/1013,A1 - monomer,F4 - P43212,44a - z0266/A/1013,44 - z0266/A/1013/1,F4bk - z0266/A/1013,A1 - monomer,F4 - P43212,z0266a,True
z0187a,Zika_NS5A-x0187_A_1013_v1,Zika_NS5A-x0187,Z1457921102,CN(C(=O)[C@H]1CCNC1)c1ccccc1,Zika_NS5A-x0283/A/414/A_v1,True,14a - Zika_NS5A-x0187/A/1013,14 - Zika_NS5A-x0283/A/1101/1,F4ad - Zika_NS5A-x0283/A/1101/1,A1 - monomer,F4 - P43212,14a - z0187/A/1013,14 - z0283/A/1101/1,F4ad - z0283/A/1101,A1 - monomer,F4 - P43212,14a - z0187/A/1013,14 - z0283/A/1101/1,F4ad - z0283/A/1101,A1 - monomer,F4 - P43212,z0187a,True
z0283a,Zika_NS5A-x0283_A_1101_v1,Zika_NS5A-x0283,Z217038356,C[C@H]1CN(C(=O)Cn2cccn2)CCO1,Zika_NS5A-x0283/A/414/A_v1,True,14b - Zika_NS5A-x0283/A/1101,14 - Zika_NS5A-x0283/A/1101/1,F4ad - Zika_NS5A-x0283/A/1101/1,A1 - monomer,F4 - P43212,14b - z0283/A/1101,14 - z0283/A/1101/1,F4ad - z0283/A/1101,A1 - monomer,F4 - P43212,14b - z0283/A/1101,14 - z0283/A/1101/1,F4ad - z0283/A/1101,A1 - monomer,F4 - P43212,z0283a,True
z0437b,Zika_NS5A-x0437_A_1112_v1,Zika_NS5A-x0437,Z3664805965,Fc1ccccc1CNC1CCOCC1,Zika_NS5A-x0283/A/414/A_v1,True,14c - Zika_NS5A-x0437/A/1112,14 - Zika_NS5A-x0283/A/1101/1,F4ad - Zika_NS5A-x0283/A/1101/1,A1 - monomer,F4 - P43212,14c - z0437/A/1112,14 - z0283/A/1101/1,F4ad - z0283/A/1101,A1 - monomer,F4 - P43212,14c - z0437/A/1112,14 - z0283/A/1101/1,F4ad - z0283/A/1101,A1 - monomer,F4 - P43212,z0437b,True
z1015a,Zika_NS5A-x1015_A_1013_v1,Zika_NS5A-x1015,Z235361315,CCC(=O)Nc1cccc(N)c1C,Zika_NS5A-x0283/A/414/A_v1,True,14b - Zika_NS5A-x0283/A/1101,14 - Zika_NS5A-x0283/A/1101/1,F4ad - Zika_NS5A-x0283/A/1101/1,A1 - monomer,F4 - P43212,14b - z0283/A/1101,14 - z0283/A/1101/1,F4ad - z0283/A/1101,A1 - monomer,F4 - P43212,14b - z0283/A/1101,14 - z0283/A/1101/1,F4ad - z0283/A/1101,A1 - monomer,F4 - P43212,z1015a,True
z0041a,Zika_NS5A-x0041_A_1201_v1,Zika_NS5A-x0041,Z100643660,CNC(=O)c1cn(C)c2ccccc12,Zika_NS5A-x0351/A/606/A_v1,True,1a - Zika_NS5A-x0351/A/1112,1 - Zika_NS5A-x0351/A/1112/1,F4a - Zika_NS5A-x0041/A/1201/1,A1 - monomer,F4 - P43212,1a - z0351/A/1112,1 - z0351/A/1112/1,F4a - z0041/A/1201,A1 - monomer,F4 - P43212,1a - z0351/A/1112,1 - z0351/A/1112/1,F4a - z0041/A/1201,A1 - monomer,F4 - P43212,z0041a,True
z0107a,Zika_NS5A-x0107_A_1110_v1,Zika_NS5A-x0107,Z1203730757,COc1cccc2[nH]ccc12,Zika_NS5A-x0351/A/606/A_v1,True,1a - Zika_NS5A-x0351/A/1112,1 - Zika_NS5A-x0351/A/1112/1,F4a - Zika_NS5A-x0041/A/1201/1,A1 - monomer,F4 - P43212,1a - z0351/A/1112,1 - z0351/A/1112/1,F4a - z0041/A/1201,A1 - monomer,F4 - P43212,1a - z0351/A/1112,1 - z0351/A/1112/1,F4a - z0041/A/1201,A1 - monomer,F4 - P43212,z0107a,True
z0111a,Zika_NS5A-x0111_A_1201_v1,Zika_NS5A-x0111,Z1216833237,CNc1nccc2ccccc12,Zika_NS5A-x0351/A/606/A_v1,True,1a - Zika_NS5A-x0351/A/1112,1 - Zika_NS5A-x0351/A/1112/1,F4a - Zika_NS5A-x0041/A/1201/1,A1 - monomer,F4 - P43212,1a - z0351/A/1112,1 - z0351/A/1112/1,F4a - z0041/A/1201,A1 - monomer,F4 - P43212,1a - z0351/A/1112,1 - z0351/A/1112/1,F4a - z0041/A/1201,A1 - monomer,F4 - P43212,z0111a,True
z0136a,Zika_NS5A-x0136_A_1017_v1,Zika_NS5A-x0136,Z1255459547,CC(=O)Nc1cccc2cc[nH]c12,Zika_NS5A-x0351/A/606/A_v1,True,1a - Zika_NS5A-x0351/A/1112,1 - Zika_NS5A-x0351/A/1112/1,F4a - Zika_NS5A-x0041/A/1201/1,A1 - monomer,F4 - P43212,1a - z0351/A/1112,1 - z0351/A/1112/1,F4a - z0041/A/1201,A1 - monomer,F4 - P43212,1a - z0351/A/1112,1 - z0351/A/1112/1,F4a - z0041/A/1201,A1 - monomer,F4 - P43212,z0136a,True
z0165a,Zika_NS5A-x0165_A_1112_v1,Zika_NS5A-x0165,Z1333043510,CN1CCCc2ccc(S(N)(=O)=O)cc21,Zika_NS5A-x0351/A/606/A_v1,True,1a - Zika_NS5A-x0351/A/1112,1 - Zika_NS5A-x0351/A/1112/1,F4a - Zika_NS5A-x0041/A/1201/1,A1 - monomer,F4 - P43212,1a - z0351/A/1112,1 - z0351/A/1112/1,F4a - z0041/A/1201,A1 - monomer,F4 - P43212,1a - z0351/A/1112,1 - z0351/A/1112/1,F4a - z0041/A/1201,A1 - monomer,F4 - P43212,z0165a,True
z0200a,Zika_NS5A-x0200_A_1112_v1,Zika_NS5A-x0200,Z1509257513,CNC(=O)[C@H]1CCCc2sc(C)nc21,Zika_NS5A-x0351/A/606/A_v1,True,1a - Zika_NS5A-x0351/A/1112,1 - Zika_NS5A-x0351/A/1112/1,F4a - Zika_NS5A-x0041/A/1201/1,A1 - monomer,F4 - P43212,1a - z0351/A/1112,1 - z0351/A/1112/1,F4a - z0041/A/1201,A1 - monomer,F4 - P43212,1a - z0351/A/1112,1 - z0351/A/1112/1,F4a - z0041/A/1201,A1 - monomer,F4 - P43212,z0200a,True
z0211a,Zika_NS5A-x0211_A_1113_v1,Zika_NS5A-x0211,Z1563512128,C[C@H](O)CNC(=O)Nc1ccccc1,Zika_NS5A-x0351/A/606/A_v1,True,1a - Zika_NS5A-x0351/A/1112,1 - Zika_NS5A-x0351/A/1112/1,F4b - Zika_NS5A-x0900/A/1015/1,A1 - monomer,F4 - P43212,1a - z0351/A/1112,1 - z0351/A/1112/1,F4b - z0900/A/1015,A1 - monomer,F4 - P43212,1a - z0351/A/1112,1 - z0351/A/1112/1,F4b - z0900/A/1015,A1 - monomer,F4 - P43212,z0211a,True
z0215a,Zika_NS5A-x0215_A_1112_v1,Zika_NS5A-x0215,Z1575337975,Fc1ccc(-c2cc[nH]n2)nc1,Zika_NS5A-x0351/A/606/A_v1,True,1a - Zika_NS5A-x0351/A/1112,1 - Zika_NS5A-x0351/A/1112/1,F4a - Zika_NS5A-x0041/A/1201/1,A1 - monomer,F4 - P43212,1a - z0351/A/1112,1 - z0351/A/1112/1,F4a - z0041/A/1201,A1 - monomer,F4 - P43212,1a - z0351/A/1112,1 - z0351/A/1112/1,F4a - z0041/A/1201,A1 - monomer,F4 - P43212,z0215a,True
z0221a,Zika_NS5A-x0221_A_1112_v1,Zika_NS5A-x0221,Z1619958679,Cc1cccc(O)c1NC(=O)c1ccncc1F,Zika_NS5A-x0351/A/606/A_v1,True,1a - Zika_NS5A-x0351/A/1112,1 - Zika_NS5A-x0351/A/1112/1,F4a - Zika_NS5A-x0041/A/1201/1,A1 - monomer,F4 - P43212,1a - z0351/A/1112,1 - z0351/A/1112/1,F4a - z0041/A/1201,A1 - monomer,F4 - P43212,1a - z0351/A/1112,1 - z0351/A/1112/1,F4a - z0041/A/1201,A1 - monomer,F4 - P43212,z0221a,True
z0309a,Zika_NS5A-x0309_A_1112_v1,Zika_NS5A-x0309,Z235341991,COc1ccc(C)cc1NC(=O)CN,Zika_NS5A-x0351/A/606/A_v1,True,1a - Zika_NS5A-x0351/A/1112,1 - Zika_NS5A-x0351/A/1112/1,F4b - Zika_NS5A-x0900/A/1015/1,A1 - monomer,F4 - P43212,1a - z0351/A/1112,1 - z0351/A/1112/1,F4b - z0900/A/1015,A1 - monomer,F4 - P43212,1a - z0351/A/1112,1 - z0351/A/1112/1,F4b - z0900/A/1015,A1 - monomer,F4 - P43212,z0309a,True
z0351a,Zika_NS5A-x0351_A_1112_v1,Zika_NS5A-x0351,Z274555794,CC(=O)c1cccc(NC(=O)N2CCOCC2)c1,Zika_NS5A-x0351/A/606/A_v1,True,1a - Zika_NS5A-x0351/A/1112,1 - Zika_NS5A-x0351/A/1112/1,F4b - Zika_NS5A-x0900/A/1015/1,A1 - monomer,F4 - P43212,1a - z0351/A/1112,1 - z0351/A/1112/1,F4b - z0900/A/1015,A1 - monomer,F4 - P43212,1a - z0351/A/1112,1 - z0351/A/1112/1,F4b - z0900/A/1015,A1 - monomer,F4 - P43212,z0351a,True
z0364a,Zika_NS5A-x0364_A_1201_v1,Zika_NS5A-x0364,Z285141302,CC(=O)N[C@H]1CNc2ccccc2C1,Zika_NS5A-x0351/A/606/A_v1,True,1a - Zika_NS5A-x0351/A/1112,1 - Zika_NS5A-x0351/A/1112/1,F4a - Zika_NS5A-x0041/A/1201/1,A1 - monomer,F4 - P43212,1a - z0351/A/1112,1 - z0351/A/1112/1,F4a - z0041/A/1201,A1 - monomer,F4 - P43212,1a - z0351/A/1112,1 - z0351/A/1112/1,F4a - z0041/A/1201,A1 - monomer,F4 - P43212,z0364a,True
z0384a,Zika_NS5A-x0384_A_1112_v1,Zika_NS5A-x0384,Z30820160,CCC(=O)Nc1nc(C)cs1,Zika_NS5A-x0351/A/606/A_v1,True,1a - Zika_NS5A-x0351/A/1112,1 - Zika_NS5A-x0351/A/1112/1,F4a - Zika_NS5A-x0041/A/1201/1,A1 - monomer,F4 - P43212,1a - z0351/A/1112,1 - z0351/A/1112/1,F4a - z0041/A/1201,A1 - monomer,F4 - P43212,1a - z0351/A/1112,1 - z0351/A/1112/1,F4a - z0041/A/1201,A1 - monomer,F4 - P43212,z0384a,True
z0386a,Zika_NS5A-x0386_A_1112_v1,Zika_NS5A-x0386,Z30904160,Cc1ccc(F)cc1NC(=O)c1ccncc1,Zika_NS5A-x0351/A/606/A_v1,True,1a - Zika_NS5A-x0351/A/1112,1 - Zika_NS5A-x0351/A/1112/1,F4a - Zika_NS5A-x0041/A/1201/1,A1 - monomer,F4 - P43212,1a - z0351/A/1112,1 - z0351/A/1112/1,F4a - z0041/A/1201,A1 - monomer,F4 - P43212,1a - z0351/A/1112,1 - z0351/A/1112/1,F4a - z0041/A/1201,A1 - monomer,F4 - P43212,z0386a,True
z0411a,Zika_NS5A-x0411_A_1107_v1,Zika_NS5A-x0411,Z321318226,COc1ccc(NC(=O)Nc2ccncc2)cc1,Zika_NS5A-x0351/A/606/A_v1,True,1a - Zika_NS5A-x0351/A/1112,1 - Zika_NS5A-x0351/A/1112/1,F4b - Zika_NS5A-x0900/A/1015/1,A1 - monomer,F4 - P43212,1a - z0351/A/1112,1 - z0351/A/1112/1,F4b - z0900/A/1015,A1 - monomer,F4 - P43212,1a - z0351/A/1112,1 - z0351/A/1112/1,F4b - z0900/A/1015,A1 - monomer,F4 - P43212,z0411a,True
z0480a,Zika_NS5A-x0480_A_1112_v1,Zika_NS5A-x0480,Z444299230,Cc1cc(Br)ccc1C(=O)NC[C@@H](C)O,Zika_NS5A-x0351/A/606/A_v1,True,1a - Zika_NS5A-x0351/A/1112,1 - Zika_NS5A-x0351/A/1112/1,F4b - Zika_NS5A-x0900/A/1015/1,A1 - monomer,F4 - P43212,1a - z0351/A/1112,1 - z0351/A/1112/1,F4b - z0900/A/1015,A1 - monomer,F4 - P43212,1a - z0351/A/1112,1 - z0351/A/1112/1,F4b - z0900/A/1015,A1 - monomer,F4 - P43212,z0480a,True
z0483a,Zika_NS5A-x0483_A_1112_v1,Zika_NS5A-x0483,Z44584886,CN1CCN(C(=O)Nc2ccc(F)cc2)CC1,Zika_NS5A-x0351/A/606/A_v1,True,1a - Zika_NS5A-x0351/A/1112,1 - Zika_NS5A-x0351/A/1112/1,F4b - Zika_NS5A-x0900/A/1015/1,A1 - monomer,F4 - P43212,1a - z0351/A/1112,1 - z0351/A/1112/1,F4b - z0900/A/1015,A1 - monomer,F4 - P43212,1a - z0351/A/1112,1 - z0351/A/1112/1,F4b - z0900/A/1015,A1 - monomer,F4 - P43212,z0483a,True
z0496a,Zika_NS5A-x0496_A_1013_v1,Zika_NS5A-x0496,Z48847633,Cc1ccc(-c2nc(N)sc2C)cc1C,Zika_NS5A-x0351/A/606/A_v1,True,1a - Zika_NS5A-x0351/A/1112,1 - Zika_NS5A-x0351/A/1112/1,F4a - Zika_NS5A-x0041/A/1201/1,A1 - monomer,F4 - P43212,1a - z0351/A/1112,1 - z0351/A/1112/1,F4a - z0041/A/1201,A1 - monomer,F4 - P43212,1a - z0351/A/1112,1 - z0351/A/1112/1,F4a - z0041/A/1201,A1 - monomer,F4 - P43212,z0496a,True
z0519a,Zika_NS5A-x0519_A_1101_v1,Zika_NS5A-x0519,Z56772132,COc1ccc(CC[C@@]2(C)NC(=O)NC2=O)cc1,Zika_NS5A-x0351/A/606/A_v1,True,1a - Zika_NS5A-x0351/A/1112,1 - Zika_NS5A-x0351/A/1112/1,F4b - Zika_NS5A-x0900/A/1015/1,A1 - monomer,F4 - P43212,1a - z0351/A/1112,1 - z0351/A/1112/1,F4b - z0900/A/1015,A1 - monomer,F4 - P43212,1a - z0351/A/1112,1 - z0351/A/1112/1,F4b - z0900/A/1015,A1 - monomer,F4 - P43212,z0519a,True
z0521a,Zika_NS5A-x0521_A_1112_v1,Zika_NS5A-x0521,Z56791867,CCN(CC)c1cc(C)nc2ncnn12,Zika_NS5A-x0351/A/606/A_v1,True,1a - Zika_NS5A-x0351/A/1112,1 - Zika_NS5A-x0351/A/1112/1,F4b - Zika_NS5A-x0900/A/1015/1,A1 - monomer,F4 - P43212,1a - z0351/A/1112,1 - z0351/A/1112/1,F4b - z0900/A/1015,A1 - monomer,F4 - P43212,1a - z0351/A/1112,1 - z0351/A/1112/1,F4b - z0900/A/1015,A1 - monomer,F4 - P43212,z0521a,True
z0581a,Zika_NS5A-x0581_A_1201_v1,Zika_NS5A-x0581,Z758198920,CC(=O)N1CCOc2ccccc2C1,Zika_NS5A-x0351/A/606/A_v1,True,1a - Zika_NS5A-x0351/A/1112,1 - Zika_NS5A-x0351/A/1112/1,F4a - Zika_NS5A-x0041/A/1201/1,A1 - monomer,F4 - P43212,1a - z0351/A/1112,1 - z0351/A/1112/1,F4a - z0041/A/1201,A1 - monomer,F4 - P43212,1a - z0351/A/1112,1 - z0351/A/1112/1,F4a - z0041/A/1201,A1 - monomer,F4 - P43212,z0581a,True
z0625a,Zika_NS5A-x0625_A_1301_v1,Zika_NS5A-x0625,Z959357244,Cc1cc(F)ccc1CS(N)(=O)=O,Zika_NS5A-x0351/A/606/A_v1,True,1a - Zika_NS5A-x0351/A/1112,1 - Zika_NS5A-x0351/A/1112/1,F4a - Zika_NS5A-x0041/A/1201/1,A1 - monomer,F4 - P43212,1a - z0351/A/1112,1 - z0351/A/1112/1,F4a - z0041/A/1201,A1 - monomer,F4 - P43212,1a - z0351/A/1112,1 - z0351/A/1112/1,F4a - z0041/A/1201,A1 - monomer,F4 - P43212,z0625a,True
z0628a,Zika_NS5A-x0628_A_1112_v1,Zika_NS5A-x0628,Z975817026,CCOC(=O)c1cn[nH]c1,Zika_NS5A-x0351/A/606/A_v1,True,1a - Zika_NS5A-x0351/A/1112,1 - Zika_NS5A-x0351/A/1112/1,F4a - Zika_NS5A-x0041/A/1201/1,A1 - monomer,F4 - P43212,1a - z0351/A/1112,1 - z0351/A/1112/1,F4a - z0041/A/1201,A1 - monomer,F4 - P43212,1a - z0351/A/1112,1 - z0351/A/1112/1,F4a - z0041/A/1201,A1 - monomer,F4 - P43212,z0628a,True
z0637a,Zika_NS5A-x0637_A_1013_v1,Zika_NS5A-x0637,Z990434946,Cc1cccc(NC[C@@H]2CCNC2)n1,Zika_NS5A-x0351/A/606/A_v1,True,1a - Zika_NS5A-x0351/A/1112,1 - Zika_NS5A-x0351/A/1112/1,F4a - Zika_NS5A-x0041/A/1201/1,A1 - monomer,F4 - P43212,1a - z0351/A/1112,1 - z0351/A/1112/1,F4a - z0041/A/1201,A1 - monomer,F4 - P43212,1a - z0351/A/1112,1 - z0351/A/1112/1,F4a - z0041/A/1201,A1 - monomer,F4 - P43212,z0637a,True
z0653a,Zika_NS5A-x0653_A_1101_v1,Zika_NS5A-x0653,POB0124,Cn1cc([C@@H]2CCC[C@@H]2CO)cn1,Zika_NS5A-x0351/A/606/A_v1,True,1a - Zika_NS5A-x0351/A/1112,1 - Zika_NS5A-x0351/A/1112/1,F4a - Zika_NS5A-x0041/A/1201/1,A1 - monomer,F4 - P43212,1a - z0351/A/1112,1 - z0351/A/1112/1,F4a - z0041/A/1201,A1 - monomer,F4 - P43212,1a - z0351/A/1112,1 - z0351/A/1112/1,F4a - z0041/A/1201,A1 - monomer,F4 - P43212,z0653a,True
z0764a,Zika_NS5A-x0764_A_1112_v1,Zika_NS5A-x0764,NCL-00023835,CS(=O)(=O)c1ccc(Br)cc1,Zika_NS5A-x0351/A/606/A_v1,True,1a - Zika_NS5A-x0351/A/1112,1 - Zika_NS5A-x0351/A/1112/1,F4a - Zika_NS5A-x0041/A/1201/1,A1 - monomer,F4 - P43212,1a - z0351/A/1112,1 - z0351/A/1112/1,F4a - z0041/A/1201,A1 - monomer,F4 - P43212,1a - z0351/A/1112,1 - z0351/A/1112/1,F4a - z0041/A/1201,A1 - monomer,F4 - P43212,z0764a,True
z0881a,Zika_NS5A-x0881_A_1201_v1,Zika_NS5A-x0881,Z1101437586,Cc1cc2ccccc2nc1N,Zika_NS5A-x0351/A/606/A_v1,True,1a - Zika_NS5A-x0351/A/1112,1 - Zika_NS5A-x0351/A/1112/1,F4a - Zika_NS5A-x0041/A/1201/1,A1 - monomer,F4 - P43212,1a - z0351/A/1112,1 - z0351/A/1112/1,F4a - z0041/A/1201,A1 - monomer,F4 - P43212,1a - z0351/A/1112,1 - z0351/A/1112/1,F4a - z0041/A/1201,A1 - monomer,F4 - P43212,z0881a,True
z0900b,Zika_NS5A-x0900_A_1018_v1,Zika_NS5A-x0900,Z89269461,C[C@H]1C(=O)NC(=O)N1c1ccc(Cl)cc1,Zika_NS5A-x0351/A/606/A_v1,True,1a - Zika_NS5A-x0351/A/1112,1 - Zika_NS5A-x0351/A/1112/1,F4b - Zika_NS5A-x0900/A/1015/1,A1 - monomer,F4 - P43212,1a - z0351/A/1112,1 - z0351/A/1112/1,F4b - z0900/A/1015,A1 - monomer,F4 - P43212,1a - z0351/A/1112,1 - z0351/A/1112/1,F4b - z0900/A/1015,A1 - monomer,F4 - P43212,z0900a,True
z0900a,Zika_NS5A-x0900_A_1015_v1,Zika_NS5A-x0900,Z89269461,C[C@H]1C(=O)NC(=O)N1c1ccc(Cl)cc1,Zika_NS5A-x0351/A/606/A_v1,True,1a - Zika_NS5A-x0351/A/1112,1 - Zika_NS5A-x0351/A/1112/1,F4b - Zika_NS5A-x0900/A/1015/1,A1 - monomer,F4 - P43212,1a - z0351/A/1112,1 - z0351/A/1112/1,F4b - z0900/A/1015,A1 - monomer,F4 - P43212,1a - z0351/A/1112,1 - z0351/A/1112/1,F4b - z0900/A/1015,A1 - monomer,F4 - P43212,z0900a,True
z0903a,Zika_NS5A-x0903_A_1302_v1,Zika_NS5A-x0903,Z56862798,O=C1NC(=O)[C@@]2(CCc3ccccc32)N1,Zika_NS5A-x0351/A/606/A_v1,True,1a - Zika_NS5A-x0351/A/1112,1 - Zika_NS5A-x0351/A/1112/1,F4a - Zika_NS5A-x0041/A/1201/1,A1 - monomer,F4 - P43212,1a - z0351/A/1112,1 - z0351/A/1112/1,F4a - z0041/A/1201,A1 - monomer,F4 - P43212,1a - z0351/A/1112,1 - z0351/A/1112/1,F4a - z0041/A/1201,A1 - monomer,F4 - P43212,z0903a,True
z0904a,Zika_NS5A-x0904_A_1014_v1,Zika_NS5A-x0904,Z3227068145,CC(=O)c1ccc2c(c1)CCCN2,Zika_NS5A-x0351/A/606/A_v1,True,1a - Zika_NS5A-x0351/A/1112,1 - Zika_NS5A-x0351/A/1112/1,F4a - Zika_NS5A-x0041/A/1201/1,A1 - monomer,F4 - P43212,1a - z0351/A/1112,1 - z0351/A/1112/1,F4a - z0041/A/1201,A1 - monomer,F4 - P43212,1a - z0351/A/1112,1 - z0351/A/1112/1,F4a - z0041/A/1201,A1 - monomer,F4 - P43212,z0904a,True
z0910a,Zika_NS5A-x0910_A_1206_v1,Zika_NS5A-x0910,Z57473948,O=C(NC1CC1)c1ccccc1O,Zika_NS5A-x0351/A/606/A_v1,True,1a - Zika_NS5A-x0351/A/1112,1 - Zika_NS5A-x0351/A/1112/1,F4a - Zika_NS5A-x0041/A/1201/1,A1 - monomer,F4 - P43212,1a - z0351/A/1112,1 - z0351/A/1112/1,F4a - z0041/A/1201,A1 - monomer,F4 - P43212,1a - z0351/A/1112,1 - z0351/A/1112/1,F4a - z0041/A/1201,A1 - monomer,F4 - P43212,z0910a,True
z0922a,Zika_NS5A-x0922_A_1202_v1,Zika_NS5A-x0922,Z1509711879,CC1(C)OC(=O)c2cc(Br)c(O)cc2O1,Zika_NS5A-x0351/A/606/A_v1,True,1a - Zika_NS5A-x0351/A/1112,1 - Zika_NS5A-x0351/A/1112/1,F4a - Zika_NS5A-x0041/A/1201/1,A1 - monomer,F4 - P43212,1a - z0351/A/1112,1 - z0351/A/1112/1,F4a - z0041/A/1201,A1 - monomer,F4 - P43212,1a - z0351/A/1112,1 - z0351/A/1112/1,F4a - z0041/A/1201,A1 - monomer,F4 - P43212,z0922a,True
z0936a,Zika_NS5A-x0936_A_1101_v1,Zika_NS5A-x0936,Z667925512,Cc1cc(-c2ccccc2)n[nH]1,Zika_NS5A-x0351/A/606/A_v1,True,1a - Zika_NS5A-x0351/A/1112,1 - Zika_NS5A-x0351/A/1112/1,F4a - Zika_NS5A-x0041/A/1201/1,A1 - monomer,F4 - P43212,1a - z0351/A/1112,1 - z0351/A/1112/1,F4a - z0041/A/1201,A1 - monomer,F4 - P43212,1a - z0351/A/1112,1 - z0351/A/1112/1,F4a - z0041/A/1201,A1 - monomer,F4 - P43212,z0936a,True
z0991a,Zika_NS5A-x0991_A_1014_v1,Zika_NS5A-x0991,Z133716556,CS(=O)(=O)N[C@@H]1CCOc2ccccc21,Zika_NS5A-x0351/A/606/A_v1,True,1a - Zika_NS5A-x0351/A/1112,1 - Zika_NS5A-x0351/A/1112/1,F4a - Zika_NS5A-x0041/A/1201/1,A1 - monomer,F4 - P43212,1a - z0351/A/1112,1 - z0351/A/1112/1,F4a - z0041/A/1201,A1 - monomer,F4 - P43212,1a - z0351/A/1112,1 - z0351/A/1112/1,F4a - z0041/A/1201,A1 - monomer,F4 - P43212,z0991a,True
z0995a,Zika_NS5A-x0995_A_1112_v1,Zika_NS5A-x0995,Z1428159350,C[C@H](N)c1cn(-c2ccccc2)nn1,Zika_NS5A-x0351/A/606/A_v1,True,1a - Zika_NS5A-x0351/A/1112,1 - Zika_NS5A-x0351/A/1112/1,F4b - Zika_NS5A-x0900/A/1015/1,A1 - monomer,F4 - P43212,1a - z0351/A/1112,1 - z0351/A/1112/1,F4b - z0900/A/1015,A1 - monomer,F4 - P43212,1a - z0351/A/1112,1 - z0351/A/1112/1,F4b - z0900/A/1015,A1 - monomer,F4 - P43212,z0995a,True
z1018a,Zika_NS5A-x1018_A_1112_v1,Zika_NS5A-x1018,Z2472938267,O=C(NCCN1CCCC1=O)Nc1ccccc1,Zika_NS5A-x0351/A/606/A_v1,True,1a - Zika_NS5A-x0351/A/1112,1 - Zika_NS5A-x0351/A/1112/1,F4b - Zika_NS5A-x0900/A/1015/1,A1 - monomer,F4 - P43212,1a - z0351/A/1112,1 - z0351/A/1112/1,F4b - z0900/A/1015,A1 - monomer,F4 - P43212,1a - z0351/A/1112,1 - z0351/A/1112/1,F4b - z0900/A/1015,A1 - monomer,F4 - P43212,z1018a,True
z1040a,Zika_NS5A-x1040_A_1204_v1,Zika_NS5A-x1040,Z54984227,CNc1ccc2ccccc2n1,Zika_NS5A-x0351/A/606/A_v1,True,1a - Zika_NS5A-x0351/A/1112,1 - Zika_NS5A-x0351/A/1112/1,F4a - Zika_NS5A-x0041/A/1201/1,A1 - monomer,F4 - P43212,1a - z0351/A/1112,1 - z0351/A/1112/1,F4a - z0041/A/1201,A1 - monomer,F4 - P43212,1a - z0351/A/1112,1 - z0351/A/1112/1,F4a - z0041/A/1201,A1 - monomer,F4 - P43212,z1040a,True
z1041a,Zika_NS5A-x1041_A_1114_v1,Zika_NS5A-x1041,Z56921372,COc1ccccc1NC(N)=S,Zika_NS5A-x0351/A/606/A_v1,True,1a - Zika_NS5A-x0351/A/1112,1 - Zika_NS5A-x0351/A/1112/1,F4a - Zika_NS5A-x0041/A/1201/1,A1 - monomer,F4 - P43212,1a - z0351/A/1112,1 - z0351/A/1112/1,F4a - z0041/A/1201,A1 - monomer,F4 - P43212,1a - z0351/A/1112,1 - z0351/A/1112/1,F4a - z0041/A/1201,A1 - monomer,F4 - P43212,z1041a,True
z0176a,Zika_NS5A-x0176_A_1102_v1,Zika_NS5A-x0176,Z1398461996,C[C@@H](N)c1nc(Cc2ccccc2)no1,Zika_NS5A-x0411/A/608/A_v1,True,3a - Zika_NS5A-x0411/A/1104,3 - Zika_NS5A-x0411/A/1104/1,F4f - Zika_NS5A-x0176/A/1102/1,A1 - monomer,F4 - P43212,3a - z0411/A/1104,3 - z0411/A/1104/1,F4f - z0176/A/1102,A1 - monomer,F4 - P43212,3a - z0411/A/1104,3 - z0411/A/1104/1,F4f - z0176/A/1102,A1 - monomer,F4 - P43212,z0176a,True
z0307a,Zika_NS5A-x0307_A_1013_v1,Zika_NS5A-x0307,Z234898049,Cc1nc(-c2cccc(N)c2)no1,Zika_NS5A-x0411/A/608/A_v1,True,3a - Zika_NS5A-x0411/A/1104,3 - Zika_NS5A-x0411/A/1104/1,F4f - Zika_NS5A-x0176/A/1102/1,A1 - monomer,F4 - P43212,3a - z0411/A/1104,3 - z0411/A/1104/1,F4f - z0176/A/1102,A1 - monomer,F4 - P43212,3a - z0411/A/1104,3 - z0411/A/1104/1,F4f - z0176/A/1102,A1 - monomer,F4 - P43212,z0307a,True
z0342a,Zika_NS5A-x0342_A_1013_v1,Zika_NS5A-x0342,Z2692078340,CNCc1cnn(-c2ccccc2)c1,Zika_NS5A-x0411/A/608/A_v1,True,3a - Zika_NS5A-x0411/A/1104,3 - Zika_NS5A-x0411/A/1104/1,F4f - Zika_NS5A-x0176/A/1102/1,A1 - monomer,F4 - P43212,3a - z0411/A/1104,3 - z0411/A/1104/1,F4f - z0176/A/1102,A1 - monomer,F4 - P43212,3a - z0411/A/1104,3 - z0411/A/1104/1,F4f - z0176/A/1102,A1 - monomer,F4 - P43212,z0342a,True
z0411b,Zika_NS5A-x0411_A_1104_v1,Zika_NS5A-x0411,Z321318226,COc1ccc(NC(=O)Nc2ccncc2)cc1,Zika_NS5A-x0411/A/608/A_v1,True,3a - Zika_NS5A-x0411/A/1104,3 - Zika_NS5A-x0411/A/1104/1,F4g - Zika_NS5A-x0411/A/1104/1,A1 - monomer,F4 - P43212,3a - z0411/A/1104,3 - z0411/A/1104/1,F4g - z0411/A/1104,A1 - monomer,F4 - P43212,3a - z0411/A/1104,3 - z0411/A/1104/1,F4g - z0411/A/1104,A1 - monomer,F4 - P43212,z0411b,True
z0481a,Zika_NS5A-x0481_A_1112_v1,Zika_NS5A-x0481,Z445186088,Fc1ccccc1NCc1cc[nH]n1,Zika_NS5A-x0411/A/608/A_v1,True,3a - Zika_NS5A-x0411/A/1104,3 - Zika_NS5A-x0411/A/1104/1,F4h - Zika_NS5A-x0903/A/1301/1,A1 - monomer,F4 - P43212,3a - z0411/A/1104,3 - z0411/A/1104/1,F4h - z0903/A/1301,A1 - monomer,F4 - P43212,3a - z0411/A/1104,3 - z0411/A/1104/1,F4h - z0903/A/1301,A1 - monomer,F4 - P43212,z0481a,True
z0486a,Zika_NS5A-x0486_A_1100_v1,Zika_NS5A-x0486,Z44592329,O=C(Nc1ccccc1)Nc1cccnc1,Zika_NS5A-x0411/A/608/A_v1,True,3a - Zika_NS5A-x0411/A/1104,3 - Zika_NS5A-x0411/A/1104/1,F4f - Zika_NS5A-x0176/A/1102/1,A1 - monomer,F4 - P43212,3a - z0411/A/1104,3 - z0411/A/1104/1,F4f - z0176/A/1102,A1 - monomer,F4 - P43212,3a - z0411/A/1104,3 - z0411/A/1104/1,F4f - z0176/A/1102,A1 - monomer,F4 - P43212,z0486a,True
z0496b,Zika_NS5A-x0496_A_1101_v1,Zika_NS5A-x0496,Z48847633,Cc1ccc(-c2nc(N)sc2C)cc1C,Zika_NS5A-x0411/A/608/A_v1,True,3a - Zika_NS5A-x0411/A/1104,3 - Zika_NS5A-x0411/A/1104/1,F4f - Zika_NS5A-x0176/A/1102/1,A1 - monomer,F4 - P43212,3a - z0411/A/1104,3 - z0411/A/1104/1,F4f - z0176/A/1102,A1 - monomer,F4 - P43212,3a - z0411/A/1104,3 - z0411/A/1104/1,F4f - z0176/A/1102,A1 - monomer,F4 - P43212,z0496b,True
z0702a,Zika_NS5A-x0702_A_1112_v1,Zika_NS5A-x0702,POB0095,COC(=O)[C@@]1(c2ccc(C)cc2)CCNC1,Zika_NS5A-x0411/A/608/A_v1,True,3a - Zika_NS5A-x0411/A/1104,3 - Zika_NS5A-x0411/A/1104/1,F4h - Zika_NS5A-x0903/A/1301/1,A1 - monomer,F4 - P43212,3a - z0411/A/1104,3 - z0411/A/1104/1,F4h - z0903/A/1301,A1 - monomer,F4 - P43212,3a - z0411/A/1104,3 - z0411/A/1104/1,F4h - z0903/A/1301,A1 - monomer,F4 - P43212,z0702a,True
z0736b,Zika_NS5A-x0736_A_1101_v1,Zika_NS5A-x0736,POB0139,OC[C@H]1CNC[C@H]1c1ccccc1F,Zika_NS5A-x0411/A/608/A_v1,True,3b - Zika_NS5A-x0993/A/1113,3 - Zika_NS5A-x0411/A/1104/1,F4h - Zika_NS5A-x0903/A/1301/1,A1 - monomer,F4 - P43212,3b - z0993/A/1113,3 - z0411/A/1104/1,F4h - z0903/A/1301,A1 - monomer,F4 - P43212,3b - z0993/A/1113,3 - z0411/A/1104/1,F4h - z0903/A/1301,A1 - monomer,F4 - P43212,z0736a,True
z0736a,Zika_NS5A-x0736_A_1013_v1,Zika_NS5A-x0736,POB0139,OC[C@H]1CNC[C@H]1c1ccccc1F,Zika_NS5A-x0411/A/608/A_v1,True,3b - Zika_NS5A-x0993/A/1113,3 - Zika_NS5A-x0411/A/1104/1,F4g - Zika_NS5A-x0411/A/1104/1,A1 - monomer,F4 - P43212,3b - z0993/A/1113,3 - z0411/A/1104/1,F4g - z0411/A/1104,A1 - monomer,F4 - P43212,3b - z0993/A/1113,3 - z0411/A/1104/1,F4g - z0411/A/1104,A1 - monomer,F4 - P43212,z0736a,True
z0764b,Zika_NS5A-x0764_A_1201_v1,Zika_NS5A-x0764,NCL-00023835,CS(=O)(=O)c1ccc(Br)cc1,Zika_NS5A-x0411/A/608/A_v1,True,3a - Zika_NS5A-x0411/A/1104,3 - Zika_NS5A-x0411/A/1104/1,F4h - Zika_NS5A-x0903/A/1301/1,A1 - monomer,F4 - P43212,3a - z0411/A/1104,3 - z0411/A/1104/1,F4h - z0903/A/1301,A1 - monomer,F4 - P43212,3a - z0411/A/1104,3 - z0411/A/1104/1,F4h - z0903/A/1301,A1 - monomer,F4 - P43212,z0764b,True
z0892a,Zika_NS5A-x0892_A_1301_v1,Zika_NS5A-x0892,Z56823075,CCc1ccc(NC2=NCCCS2)cc1,Zika_NS5A-x0411/A/608/A_v1,True,3a - Zika_NS5A-x0411/A/1104,3 - Zika_NS5A-x0411/A/1104/1,F4f - Zika_NS5A-x0176/A/1102/1,A1 - monomer,F4 - P43212,3a - z0411/A/1104,3 - z0411/A/1104/1,F4f - z0176/A/1102,A1 - monomer,F4 - P43212,3a - z0411/A/1104,3 - z0411/A/1104/1,F4f - z0176/A/1102,A1 - monomer,F4 - P43212,z0892a,True
z0903b,Zika_NS5A-x0903_A_1301_v1,Zika_NS5A-x0903,Z56862798,O=C1NC(=O)[C@@]2(CCc3ccccc32)N1,Zika_NS5A-x0411/A/608/A_v1,True,3a - Zika_NS5A-x0411/A/1104,3 - Zika_NS5A-x0411/A/1104/1,F4h - Zika_NS5A-x0903/A/1301/1,A1 - monomer,F4 - P43212,3a - z0411/A/1104,3 - z0411/A/1104/1,F4h - z0903/A/1301,A1 - monomer,F4 - P43212,3a - z0411/A/1104,3 - z0411/A/1104/1,F4h - z0903/A/1301,A1 - monomer,F4 - P43212,z0903b,True
z0920a,Zika_NS5A-x0920_A_1110_v1,Zika_NS5A-x0920,Z56791928,Cn1c(N)nc2ccccc21,Zika_NS5A-x0411/A/608/A_v1,True,3a - Zika_NS5A-x0411/A/1104,3 - Zika_NS5A-x0411/A/1104/1,F4h - Zika_NS5A-x0903/A/1301/1,A1 - monomer,F4 - P43212,3a - z0411/A/1104,3 - z0411/A/1104/1,F4h - z0903/A/1301,A1 - monomer,F4 - P43212,3a - z0411/A/1104,3 - z0411/A/1104/1,F4h - z0903/A/1301,A1 - monomer,F4 - P43212,z0920a,True
z0993b,Zika_NS5A-x0993_A_1113_v1,Zika_NS5A-x0993,Z1416571195,NC(=O)c1ccnc(NC2CC=CC2)c1,Zika_NS5A-x0411/A/608/A_v1,True,3b - Zika_NS5A-x0993/A/1113,3 - Zika_NS5A-x0411/A/1104/1,F4g - Zika_NS5A-x0411/A/1104/1,A1 - monomer,F4 - P43212,3b - z0993/A/1113,3 - z0411/A/1104/1,F4g - z0411/A/1104,A1 - monomer,F4 - P43212,3b - z0993/A/1113,3 - z0411/A/1104/1,F4g - z0411/A/1104,A1 - monomer,F4 - P43212,z0993a,True
z0993a,Zika_NS5A-x0993_A_1112_v1,Zika_NS5A-x0993,Z1416571195,NC(=O)c1ccnc(NC2CC=CC2)c1,Zika_NS5A-x0411/A/608/A_v1,True,3a - Zika_NS5A-x0411/A/1104,3 - Zika_NS5A-x0411/A/1104/1,F4f - Zika_NS5A-x0176/A/1102/1,A1 - monomer,F4 - P43212,3a - z0411/A/1104,3 - z0411/A/1104/1,F4f - z0176/A/1102,A1 - monomer,F4 - P43212,3a - z0411/A/1104,3 - z0411/A/1104/1,F4f - z0176/A/1102,A1 - monomer,F4 - P43212,z0993a,True
z1040b,Zika_NS5A-x1040_A_1203_v1,Zika_NS5A-x1040,Z54984227,CNc1ccc2ccccc2n1,Zika_NS5A-x0411/A/608/A_v1,True,3a - Zika_NS5A-x0411/A/1104,3 - Zika_NS5A-x0411/A/1104/1,F4g - Zika_NS5A-x0411/A/1104/1,A1 - monomer,F4 - P43212,3a - z0411/A/1104,3 - z0411/A/1104/1,F4g - z0411/A/1104,A1 - monomer,F4 - P43212,3a - z0411/A/1104,3 - z0411/A/1104/1,F4g - z0411/A/1104,A1 - monomer,F4 - P43212,z1040b,True
z0136c,Zika_NS5A-x0136_A_1013_v1,Zika_NS5A-x0136,Z1255459547,CC(=O)Nc1cccc2cc[nH]c12,Zika_NS5A-x0437/A/679/A_v1,True,9a - Zika_NS5A-x0437/A/1201,9 - Zika_NS5A-x0437/A/1201/1,F4t - Zika_NS5A-x0264/A/1201/1,A1 - monomer,F4 - P43212,9a - z0437/A/1201,9 - z0437/A/1201/1,F4t - z0264/A/1201,A1 - monomer,F4 - P43212,9a - z0437/A/1201,9 - z0437/A/1201/1,F4t - z0264/A/1201,A1 - monomer,F4 - P43212,z0136c,True
z0264b,Zika_NS5A-x0264_A_1201_v1,Zika_NS5A-x0264,Z198194394,NC(=O)N1CCN(c2ccc(F)cc2)CC1,Zika_NS5A-x0437/A/679/A_v1,True,9a - Zika_NS5A-x0437/A/1201,9 - Zika_NS5A-x0437/A/1201/1,F4t - Zika_NS5A-x0264/A/1201/1,A1 - monomer,F4 - P43212,9a - z0437/A/1201,9 - z0437/A/1201/1,F4t - z0264/A/1201,A1 - monomer,F4 - P43212,9a - z0437/A/1201,9 - z0437/A/1201/1,F4t - z0264/A/1201,A1 - monomer,F4 - P43212,z0264b,True
z0437a,Zika_NS5A-x0437_A_1201_v1,Zika_NS5A-x0437,Z3664805965,Fc1ccccc1CNC1CCOCC1,Zika_NS5A-x0437/A/679/A_v1,True,9a - Zika_NS5A-x0437/A/1201,9 - Zika_NS5A-x0437/A/1201/1,F4t - Zika_NS5A-x0264/A/1201/1,A1 - monomer,F4 - P43212,9a - z0437/A/1201,9 - z0437/A/1201/1,F4t - z0264/A/1201,A1 - monomer,F4 - P43212,9a - z0437/A/1201,9 - z0437/A/1201/1,F4t - z0264/A/1201,A1 - monomer,F4 - P43212,z0437a,True
z0501b,Zika_NS5A-x0501_A_1101_v1,Zika_NS5A-x0501,Z52214433,Cc1ccccc1CC(N)=O,Zika_NS5A-x0437/A/679/A_v1,True,9a - Zika_NS5A-x0437/A/1201,9 - Zika_NS5A-x0437/A/1201/1,F4v - Zika_NS5A-x0501/A/1101/1,A1 - monomer,F4 - P43212,9a - z0437/A/1201,9 - z0437/A/1201/1,F4v - z0501/A/1101,A1 - monomer,F4 - P43212,9a - z0437/A/1201,9 - z0437/A/1201/1,F4v - z0501/A/1101,A1 - monomer,F4 - P43212,z0501b,True
z0651a,Zika_NS5A-x0651_A_1013_v1,Zika_NS5A-x0651,POB0084,COC(=O)[C@]1(c2ccc(F)cc2)CCCNC1,Zika_NS5A-x0437/A/679/A_v1,True,9a - Zika_NS5A-x0437/A/1201,9 - Zika_NS5A-x0437/A/1201/1,F4t - Zika_NS5A-x0264/A/1201/1,A1 - monomer,F4 - P43212,9a - z0437/A/1201,9 - z0437/A/1201/1,F4t - z0264/A/1201,A1 - monomer,F4 - P43212,9a - z0437/A/1201,9 - z0437/A/1201/1,F4t - z0264/A/1201,A1 - monomer,F4 - P43212,z0651a,True
z0673a,Zika_NS5A-x0673_A_1013_v1,Zika_NS5A-x0673,POB0112,COC(=O)[C@@]1(Cc2ccc(F)cc2)CCNC1,Zika_NS5A-x0437/A/679/A_v1,True,9a - Zika_NS5A-x0437/A/1201,9 - Zika_NS5A-x0437/A/1201/1,F4t - Zika_NS5A-x0264/A/1201/1,A1 - monomer,F4 - P43212,9a - z0437/A/1201,9 - z0437/A/1201/1,F4t - z0264/A/1201,A1 - monomer,F4 - P43212,9a - z0437/A/1201,9 - z0437/A/1201/1,F4t - z0264/A/1201,A1 - monomer,F4 - P43212,z0673a,True
z0211b,Zika_NS5A-x0211_A_1112_v1,Zika_NS5A-x0211,Z1563512128,C[C@H](O)CNC(=O)Nc1ccccc1,Zika_NS5A-x0481/A/765/A_v1,True,10a - Zika_NS5A-x0481/A/1201,10 - Zika_NS5A-x0481/A/1201/1,F4s - Zika_NS5A-x0211/A/1112/1,A1 - monomer,F4 - P43212,10a - z0481/A/1201,10 - z0481/A/1201/1,F4s - z0211/A/1112,A1 - monomer,F4 - P43212,10a - z0481/A/1201,10 - z0481/A/1201/1,F4s - z0211/A/1112,A1 - monomer,F4 - P43212,z0211b,True
z0375a,Zika_NS5A-x0375_A_1201_v1,Zika_NS5A-x0375,Z295205242,Cc1nccn1Cc1cccc(C#N)c1,Zika_NS5A-x0481/A/765/A_v1,True,10a - Zika_NS5A-x0481/A/1201,10 - Zika_NS5A-x0481/A/1201/1,F4s - Zika_NS5A-x0211/A/1112/1,A1 - monomer,F4 - P43212,10a - z0481/A/1201,10 - z0481/A/1201/1,F4s - z0211/A/1112,A1 - monomer,F4 - P43212,10a - z0481/A/1201,10 - z0481/A/1201/1,F4s - z0211/A/1112,A1 - monomer,F4 - P43212,z0375a,True
z0481c,Zika_NS5A-x0481_A_1201_v1,Zika_NS5A-x0481,Z445186088,Fc1ccccc1NCc1cc[nH]n1,Zika_NS5A-x0481/A/765/A_v1,True,10a - Zika_NS5A-x0481/A/1201,10 - Zika_NS5A-x0481/A/1201/1,F4u - Zika_NS5A-x0481/A/1201/1,A1 - monomer,F4 - P43212,10a - z0481/A/1201,10 - z0481/A/1201/1,F4u - z0481/A/1201,A1 - monomer,F4 - P43212,10a - z0481/A/1201,10 - z0481/A/1201/1,F4u - z0481/A/1201,A1 - monomer,F4 - P43212,z0481c,True
z0486b,Zika_NS5A-x0486_A_1200_v1,Zika_NS5A-x0486,Z44592329,O=C(Nc1ccccc1)Nc1cccnc1,Zika_NS5A-x0481/A/765/A_v1,True,10a - Zika_NS5A-x0481/A/1201,10 - Zika_NS5A-x0481/A/1201/1,F4s - Zika_NS5A-x0211/A/1112/1,A1 - monomer,F4 - P43212,10a - z0481/A/1201,10 - z0481/A/1201/1,F4s - z0211/A/1112,A1 - monomer,F4 - P43212,10a - z0481/A/1201,10 - z0481/A/1201/1,F4s - z0211/A/1112,A1 - monomer,F4 - P43212,z0486b,True
z0553a,Zika_NS5A-x0553_A_1013_v1,Zika_NS5A-x0553,Z600615204,CN(C)C(=O)Cn1cnc(N)n1,Zika_NS5A-x0481/A/765/A_v1,True,10a - Zika_NS5A-x0481/A/1201,10 - Zika_NS5A-x0481/A/1201/1,F4u - Zika_NS5A-x0481/A/1201/1,A1 - monomer,F4 - P43212,10a - z0481/A/1201,10 - z0481/A/1201/1,F4u - z0481/A/1201,A1 - monomer,F4 - P43212,10a - z0481/A/1201,10 - z0481/A/1201/1,F4u - z0481/A/1201,A1 - monomer,F4 - P43212,z0553a,True
z0659a,Zika_NS5A-x0659_A_1112_v1,Zika_NS5A-x0659,POB0103,CC(=O)N1[C@@H]2CC[C@H]1c1cccnc1C2,Zika_NS5A-x0481/A/765/A_v1,True,10a - Zika_NS5A-x0481/A/1201,10 - Zika_NS5A-x0481/A/1201/1,F4s - Zika_NS5A-x0211/A/1112/1,A1 - monomer,F4 - P43212,10a - z0481/A/1201,10 - z0481/A/1201/1,F4s - z0211/A/1112,A1 - monomer,F4 - P43212,10a - z0481/A/1201,10 - z0481/A/1201/1,F4s - z0211/A/1112,A1 - monomer,F4 - P43212,z0659a,True
z0498a,Zika_NS5A-x0498_A_1101_v1,Zika_NS5A-x0498,Z50145861,CC1=NN(c2ccccc2)C(=O)C1,Zika_NS5A-x0498/A/449/A_v1,True,17a - Zika_NS5A-x0498/A/1101,17 - Zika_NS5A-x0498/A/1101/1,F4ai - Zika_NS5A-x0498/A/1101/1,A1 - monomer,F4 - P43212,17a - z0498/A/1101,17 - z0498/A/1101/1,F4ai - z0498/A/1101,A1 - monomer,F4 - P43212,17a - z0498/A/1101,17 - z0498/A/1101/1,F4ai - z0498/A/1101,A1 - monomer,F4 - P43212,z0498a,True
z0756a,Zika_NS5A-x0756_A_1112_v1,Zika_NS5A-x0756,NCL-00023818,Ic1cn[nH]c1,Zika_NS5A-x0498/A/449/A_v1,True,17b - Zika_NS5A-x0756/A/1112,17 - Zika_NS5A-x0498/A/1101/1,F4aj - Zika_NS5A-x0756/A/1112/1,A1 - monomer,F4 - P43212,17b - z0756/A/1112,17 - z0498/A/1101/1,F4aj - z0756/A/1112,A1 - monomer,F4 - P43212,17b - z0756/A/1112,17 - z0498/A/1101/1,F4aj - z0756/A/1112,A1 - monomer,F4 - P43212,z0756a,True
z0858b,Zika_NS5A-x0858_A_1101_v1,Zika_NS5A-x0858,Z59181971,CCC(=O)NO,Zika_NS5A-x0498/A/449/A_v1,True,17c - Zika_NS5A-x0858/A/1101,17 - Zika_NS5A-x0498/A/1101/1,F4ai - Zika_NS5A-x0498/A/1101/1,A1 - monomer,F4 - P43212,17c - z0858/A/1101,17 - z0498/A/1101/1,F4ai - z0498/A/1101,A1 - monomer,F4 - P43212,17c - z0858/A/1101,17 - z0498/A/1101/1,F4ai - z0498/A/1101,A1 - monomer,F4 - P43212,z0858b,True
z0594a,Zika_NS5A-x0594_A_1013_v1,Zika_NS5A-x0594,Z839157334,CN(C)C(=O)COc1ccc(N)c(F)c1,Zika_NS5A-x0594/A/809/A_v1,True,45a - Zika_NS5A-x0594/A/1013,45 - Zika_NS5A-x0594/A/1013/1,F4bl - Zika_NS5A-x0594/A/1013/1,A1 - monomer,F4 - P43212,45a - z0594/A/1013,45 - z0594/A/1013/1,F4bl - z0594/A/1013,A1 - monomer,F4 - P43212,45a - z0594/A/1013,45 - z0594/A/1013/1,F4bl - z0594/A/1013,A1 - monomer,F4 - P43212,z0594a,True
z0625d,Zika_NS5A-x0625_A_1201_v1,Zika_NS5A-x0625,Z959357244,Cc1cc(F)ccc1CS(N)(=O)=O,Zika_NS5A-x0625/A/687/A_v1,True,46a - Zika_NS5A-x0625/A/1201,46 - Zika_NS5A-x0625/A/1201/1,F4bm - Zika_NS5A-x0625/A/1201/1,A1 - monomer,F4 - P43212,46a - z0625/A/1201,46 - z0625/A/1201/1,F4bm - z0625/A/1201,A1 - monomer,F4 - P43212,46a - z0625/A/1201,46 - z0625/A/1201/1,F4bm - z0625/A/1201,A1 - monomer,F4 - P43212,z0625d,True
z0668a,Zika_NS5A-x0668_A_1112_v1,Zika_NS5A-x0668,POB0004,C[C@]1(C(N)=O)CCCN1S(C)(=O)=O,Zika_NS5A-x0668/A/826/A_v1,True,47a - Zika_NS5A-x0668/A/1112,47 - Zika_NS5A-x0668/A/1112/1,F4bn - Zika_NS5A-x0668/A/1112/1,A1 - monomer,F4 - P43212,47a - z0668/A/1112,47 - z0668/A/1112/1,F4bn - z0668/A/1112,A1 - monomer,F4 - P43212,47a - z0668/A/1112,47 - z0668/A/1112/1,F4bn - z0668/A/1112,A1 - monomer,F4 - P43212,z0668a,True
z0812a,Zika_NS5A-x0812_A_1013_v1,Zika_NS5A-x0812,Z57127349,O=C1CCC(=O)N1,Zika_NS5A-x0812/A/680/A_v1,True,48a - Zika_NS5A-x0812/A/1013,48 - Zika_NS5A-x0812/A/1013/1,F4bo - Zika_NS5A-x0812/A/1013/1,A1 - monomer,F4 - P43212,48a - z0812/A/1013,48 - z0812/A/1013/1,F4bo - z0812/A/1013,A1 - monomer,F4 - P43212,48a - z0812/A/1013,48 - z0812/A/1013/1,F4bo - z0812/A/1013,A1 - monomer,F4 - P43212,z0812a,True
z0835a,Zika_NS5A-x0835_A_1101_v1,Zika_NS5A-x0835,Z1741971800,NC1CCCC1,Zika_NS5A-x0835/A/399/A_v1,True,49a - Zika_NS5A-x0835/A/1101,49 - Zika_NS5A-x0835/A/1101/1,F4bp - Zika_NS5A-x0835/A/1101/1,A1 - monomer,F4 - P43212,49a - z0835/A/1101,49 - z0835/A/1101/1,F4bp - z0835/A/1101,A1 - monomer,F4 - P43212,49a - z0835/A/1101,49 - z0835/A/1101/1,F4bp - z0835/A/1101,A1 - monomer,F4 - P43212,z0835a,True
z0892d,Zika_NS5A-x0892_A_1112_v1,Zika_NS5A-x0892,Z56823075,CCc1ccc(NC2=NCCCS2)cc1,Zika_NS5A-x0892/A/568/A_v1,True,50a - Zika_NS5A-x0892/A/1112,50 - Zika_NS5A-x0892/A/1112/1,F4bq - Zika_NS5A-x0892/A/1112/1,A1 - monomer,F4 - P43212,50a - z0892/A/1112,50 - z0892/A/1112/1,F4bq - z0892/A/1112,A1 - monomer,F4 - P43212,50a - z0892/A/1112,50 - z0892/A/1112/1,F4bq - z0892/A/1112,A1 - monomer,F4 - P43212,z0892d,True
z0892e,Zika_NS5A-x0892_A_1302_v1,Zika_NS5A-x0892,Z56823075,CCc1ccc(NC2=NCCCS2)cc1,Zika_NS5A-x0892/A/445/A_v1,True,51a - Zika_NS5A-x0892/A/1302,51 - Zika_NS5A-x0892/A/1302/1,F4br - Zika_NS5A-x0892/A/1302/1,A1 - monomer,F4 - P43212,51a - z0892/A/1302,51 - z0892/A/1302/1,F4br - z0892/A/1302,A1 - monomer,F4 - P43212,51a - z0892/A/1302,51 - z0892/A/1302/1,F4br - z0892/A/1302,A1 - monomer,F4 - P43212,z0892e,True
z0892c,Zika_NS5A-x0892_A_1303_v1,Zika_NS5A-x0892,Z56823075,CCc1ccc(NC2=NCCCS2)cc1,Zika_NS5A-x0892/A/552/A_v1,True,52a - Zika_NS5A-x0892/A/1303,52 - Zika_NS5A-x0892/A/1303/1,F4bs - Zika_NS5A-x0892/A/1303/1,A1 - monomer,F4 - P43212,52a - z0892/A/1303,52 - z0892/A/1303/1,F4bs - z0892/A/1303,A1 - monomer,F4 - P43212,52a - z0892/A/1303,52 - z0892/A/1303/1,F4bs - z0892/A/1303,A1 - monomer,F4 - P43212,z0892c,True
z0354a,Zika_NS5A-x0354_A_1013_v1,Zika_NS5A-x0354,Z275165822,CC(=O)N1CCN(c2ccc(Cl)cc2)CC1,Zika_NS5A-x0900/A/480/A_v1,True,29a - Zika_NS5A-x0900/A/1017,29 - Zika_NS5A-x0900/A/1017/1,F4av - Zika_NS5A-x0354/A/1013/1,A1 - monomer,F4 - P43212,29a - z0900/A/1017,29 - z0900/A/1017/1,F4av - z0354/A/1013,A1 - monomer,F4 - P43212,29a - z0900/A/1017,29 - z0900/A/1017/1,F4av - z0354/A/1013,A1 - monomer,F4 - P43212,z0354a,True
z0900c,Zika_NS5A-x0900_A_1017_v1,Zika_NS5A-x0900,Z89269461,C[C@H]1C(=O)NC(=O)N1c1ccc(Cl)cc1,Zika_NS5A-x0900/A/480/A_v1,True,29a - Zika_NS5A-x0900/A/1017,29 - Zika_NS5A-x0900/A/1017/1,F4av - Zika_NS5A-x0354/A/1013/1,A1 - monomer,F4 - P43212,29a - z0900/A/1017,29 - z0900/A/1017/1,F4av - z0354/A/1013,A1 - monomer,F4 - P43212,29a - z0900/A/1017,29 - z0900/A/1017/1,F4av - z0354/A/1013,A1 - monomer,F4 - P43212,z0900c,True
z0903d,Zika_NS5A-x0903_A_1201_v1,Zika_NS5A-x0903,Z56862798,O=C1NC(=O)[C@@]2(CCc3ccccc32)N1,Zika_NS5A-x0903/A/635/A_v1,True,18a - Zika_NS5A-x0903/A/1201,18 - Zika_NS5A-x0903/A/1201/1,F4ak - Zika_NS5A-x0903/A/1201/1,A1 - monomer,F4 - P43212,18a - z0903/A/1201,18 - z0903/A/1201/1,F4ak - z0903/A/1201,A1 - monomer,F4 - P43212,18a - z0903/A/1201,18 - z0903/A/1201/1,F4ak - z0903/A/1201,A1 - monomer,F4 - P43212,z0903d,True
z0910b,Zika_NS5A-x0910_A_1013_v1,Zika_NS5A-x0910,Z57473948,O=C(NC1CC1)c1ccccc1O,Zika_NS5A-x0903/A/635/A_v1,True,18b - Zika_NS5A-x0910/A/1013,18 - Zika_NS5A-x0903/A/1201/1,F4ak - Zika_NS5A-x0903/A/1201/1,A1 - monomer,F4 - P43212,18b - z0910/A/1013,18 - z0903/A/1201/1,F4ak - z0903/A/1201,A1 - monomer,F4 - P43212,18b - z0910/A/1013,18 - z0903/A/1201/1,F4ak - z0903/A/1201,A1 - monomer,F4 - P43212,z0910b,True
z1047a,Zika_NS5A-x1047_A_1101_v1,Zika_NS5A-x1047,Z979419914,CC1(C)NCC[C@@H]1c1ccc(F)cc1,Zika_NS5A-x0903/A/635/A_v1,True,18c - Zika_NS5A-x1047/A/1101,18 - Zika_NS5A-x0903/A/1201/1,F4ak - Zika_NS5A-x0903/A/1201/1,A1 - monomer,F4 - P43212,18c - z1047/A/1101,18 - z0903/A/1201/1,F4ak - z0903/A/1201,A1 - monomer,F4 - P43212,18c - z1047/A/1101,18 - z0903/A/1201/1,F4ak - z0903/A/1201,A1 - monomer,F4 - P43212,z1047a,True
z0922c,Zika_NS5A-x0922_A_1101_v1,Zika_NS5A-x0922,Z1509711879,CC1(C)OC(=O)c2cc(Br)c(O)cc2O1,Zika_NS5A-x0922/A/837/A_v1,True,53a - Zika_NS5A-x0922/A/1101,53 - Zika_NS5A-x0922/A/1101/1,F4bt - Zika_NS5A-x0922/A/1101/1,A1 - monomer,F4 - P43212,53a - z0922/A/1101,53 - z0922/A/1101/1,F4bt - z0922/A/1101,A1 - monomer,F4 - P43212,53a - z0922/A/1101,53 - z0922/A/1101/1,F4bt - z0922/A/1101,A1 - monomer,F4 - P43212,z0922c,True
z0922b,Zika_NS5A-x0922_A_1201_v1,Zika_NS5A-x0922,Z1509711879,CC1(C)OC(=O)c2cc(Br)c(O)cc2O1,Zika_NS5A-x0922/A/862/A_v1,True,54a - Zika_NS5A-x0922/A/1201,54 - Zika_NS5A-x0922/A/1201/1,F4bu - Zika_NS5A-x0922/A/1201/1,A1 - monomer,F4 - P43212,54a - z0922/A/1201,54 - z0922/A/1201/1,F4bu - z0922/A/1201,A1 - monomer,F4 - P43212,54a - z0922/A/1201,54 - z0922/A/1201/1,F4bu - z0922/A/1201,A1 - monomer,F4 - P43212,z0922b,True
z0927b,Zika_NS5A-x0927_A_1201_v1,Zika_NS5A-x0927,Z1255450314,Cn1nc(C(F)(F)F)cc1O,Zika_NS5A-x0927/A/826/A_v1,True,55a - Zika_NS5A-x0927/A/1201,55 - Zika_NS5A-x0927/A/1201/1,F4bv - Zika_NS5A-x0927/A/1201/1,A1 - monomer,F4 - P43212,55a - z0927/A/1201,55 - z0927/A/1201/1,F4bv - z0927/A/1201,A1 - monomer,F4 - P43212,55a - z0927/A/1201,55 - z0927/A/1201/1,F4bv - z0927/A/1201,A1 - monomer,F4 - P43212,z0927b,True
