xtal,ligand_name,compound_code
DNV2_NS5A-x0135,LIG,Z438067480
DNV2_NS5A-x0153,LIG,Z45527714
DNV2_NS5A-x0160,LIG,Z4628744292
DNV2_NS5A-x0162,LIG,Z48847594
DNV2_NS5A-x0172,LIG,Z53825479
DNV2_NS5A-x0174,LIG,Z53860899
DNV2_NS5A-x0176,LIG,Z54226095
DNV2_NS5A-x0191,LIG,Z55669204
DNV2_NS5A-x0210,LIG,Z56953052
DNV2_NS5A-x0248,LIG,Z68299550
DNV2_NS5A-x0249,LIG,Z68404778
DNV2_NS5A-x0250,LIG,Z68639747
DNV2_NS5A-x0253,LIG,Z71308235
DNV2_NS5A-x0254,LIG,Z71580604
DNV2_NS5A-x0258,LIG,Z729352906
DNV2_NS5A-x0264,LIG,Z740611958
DNV2_NS5A-x0279,LIG,Z802824098
DNV2_NS5A-x0283,LIG,Z818928496
DNV2_NS5A-x0288,LIG,Z851110644
DNV2_NS5A-x0323,LIG,Z952016136
DNV2_NS5A-x0376,LIG,Z106579662
DNV2_NS5A-x0378,LIG,Z1079168976
DNV2_NS5A-x0379,LIG,Z1079512010
DNV2_NS5A-x0411,LIG,Z1198177230
DNV2_NS5A-x0414,LIG,Z1198279205
DNV2_NS5A-x0428,LIG,Z1203329531
DNV2_NS5A-x0471,LIG,Z1262617180
DNV2_NS5A-x0472,LIG,Z1262628644
DNV2_NS5A-x0479,LIG,Z1269139261
DNV2_NS5A-x0503,LIG,Z1343518214
DNV2_NS5A-x0566,LIG,Z1627772104
DNV2_NS5A-x0567,LIG,Z1639162606
DNV2_NS5A-x0571,LIG,Z1685106505
DNV2_NS5A-x0587,LIG,Z1787627869
DNV2_NS5A-x0612,LIG,Z198194394
DNV2_NS5A-x0615,LIG,Z1983897532
DNV2_NS5A-x0644,LIG,Z221421630
DNV2_NS5A-x0693,LIG,Z26333434
DNV2_NS5A-x0741,LIG,Z291279160
DNV2_NS5A-x0749,LIG,Z300245038
DNV2_NS5A-x0759,LIG,Z31432226
DNV2_NS5A-x0771,LIG,Z31721798
DNV2_NS5A-x0781,LIG,Z32327641
DNV2_NS5A-x0787,LIG,Z32665176
DNV2_NS5A-x0789,LIG,Z329734230
DNV2_NS5A-x0825,LIG,Z3765495818
DNV2_NS5A-x0829,LIG,Z383325512
DNV2_NS5A-x0843,LIG,Z415636694
DNV2_NS5A-x0851,LIG,POB0029
DNV2_NS5A-x0866,LIG,POB0015
DNV2_NS5A-x0963,LIG,NCL-00023818
DNV2_NS5A-x1037,LIG,Z3241250482
DNV2_NS5A-x1046,LIG,Z3219959731
DNV2_NS5A-x1073,LIG,Z1741972704
DNV2_NS5A-x1094,LIG,HL11
DNV2_NS5A-x1149,LIG,Z44548882
DNV2_NS5A-x1192,LIG,Z31113727
DNV2_NS5A-x1196,LIG,Z48978335
DNV2_NS5A-x1212,LIG,Z57157143
DNV2_NS5A-x1217,LIG,Z53833304
Zika_NS5A-x0041,LIG,Z100643660
Zika_NS5A-x0052,LIG,Z104474266
Zika_NS5A-x0103,LIG,Z1203191681
Zika_NS5A-x0107,LIG,Z1203730757
Zika_NS5A-x0111,LIG,Z1216833237
Zika_NS5A-x0112,LIG,Z1216861874
Zika_NS5A-x0136,LIG,Z1255459547
Zika_NS5A-x0165,LIG,Z1333043510
Zika_NS5A-x0176,LIG,Z1398461996
Zika_NS5A-x0184,LIG,Z1449748885
Zika_NS5A-x0186,LIG,Z1457279522
Zika_NS5A-x0187,LIG,Z1457921102
Zika_NS5A-x0193,LIG,Z1491215378
Zika_NS5A-x0200,LIG,Z1509257513
Zika_NS5A-x0207,LIG,Z1546887028
Zika_NS5A-x0211,LIG,Z1563512128
Zika_NS5A-x0215,LIG,Z1575337975
Zika_NS5A-x0221,LIG,Z1619958679
Zika_NS5A-x0252,LIG,Z1889787519
Zika_NS5A-x0264,LIG,Z198194394
Zika_NS5A-x0266,LIG,Z198195770
Zika_NS5A-x0283,LIG,Z217038356
Zika_NS5A-x0307,LIG,Z234898049
Zika_NS5A-x0309,LIG,Z235341991
Zika_NS5A-x0342,LIG,Z2692078340
Zika_NS5A-x0351,LIG,Z274555794
Zika_NS5A-x0354,LIG,Z275165822
Zika_NS5A-x0364,LIG,Z285141302
Zika_NS5A-x0375,LIG,Z295205242
Zika_NS5A-x0384,LIG,Z30820160
Zika_NS5A-x0386,LIG,Z30904160
Zika_NS5A-x0397,LIG,Z31602870
Zika_NS5A-x0411,LIG,Z321318226
Zika_NS5A-x0415,LIG,Z3244609881
Zika_NS5A-x0418,LIG,Z329734230
Zika_NS5A-x0437,LIG,Z3664805965
Zika_NS5A-x0471,LIG,Z432051392
Zika_NS5A-x0480,LIG,Z444299230
Zika_NS5A-x0481,LIG,Z445186088
Zika_NS5A-x0483,LIG,Z44584886
Zika_NS5A-x0486,LIG,Z44592329
Zika_NS5A-x0496,LIG,Z48847633
Zika_NS5A-x0498,LIG,Z50145861
Zika_NS5A-x0501,LIG,Z52214433
Zika_NS5A-x0519,LIG,Z56772132
Zika_NS5A-x0521,LIG,Z56791867
Zika_NS5A-x0553,LIG,Z600615204
Zika_NS5A-x0581,LIG,Z758198920
Zika_NS5A-x0594,LIG,Z839157334
Zika_NS5A-x0625,LIG,Z959357244
Zika_NS5A-x0628,LIG,Z975817026
Zika_NS5A-x0637,LIG,Z990434946
Zika_NS5A-x0651,LIG,POB0084
Zika_NS5A-x0653,LIG,POB0124
Zika_NS5A-x0659,LIG,POB0103
Zika_NS5A-x0668,LIG,POB0004
Zika_NS5A-x0673,LIG,POB0112
Zika_NS5A-x0702,LIG,POB0095
Zika_NS5A-x0736,LIG,POB0139
Zika_NS5A-x0756,LIG,NCL-00023818
Zika_NS5A-x0764,LIG,NCL-00023835
Zika_NS5A-x0767,LIG,NCL-00024671
Zika_NS5A-x0812,LIG,Z57127349
Zika_NS5A-x0821,LIG,Z1259087003
Zika_NS5A-x0835,LIG,Z1741971800
Zika_NS5A-x0858,LIG,Z59181971
Zika_NS5A-x0875,LIG,Z2301685688
Zika_NS5A-x0881,LIG,Z1101437586
Zika_NS5A-x0892,LIG,Z56823075
Zika_NS5A-x0898,LIG,Z228586860
Zika_NS5A-x0900,LIG,Z89269461
Zika_NS5A-x0903,LIG,Z56862798
Zika_NS5A-x0904,LIG,Z3227068145
Zika_NS5A-x0910,LIG,Z57473948
Zika_NS5A-x0920,LIG,Z56791928
Zika_NS5A-x0922,LIG,Z1509711879
Zika_NS5A-x0927,LIG,Z1255450314
Zika_NS5A-x0936,LIG,Z667925512
Zika_NS5A-x0968,LIG,Z362043378
Zika_NS5A-x0987,LIG,Z1267800292
Zika_NS5A-x0991,LIG,Z133716556
Zika_NS5A-x0993,LIG,Z1416571195
Zika_NS5A-x0995,LIG,Z1428159350
Zika_NS5A-x0999,LIG,Z1618027593
Zika_NS5A-x1015,LIG,Z235361315
Zika_NS5A-x1018,LIG,Z2472938267
Zika_NS5A-x1024,LIG,Z287484230
Zika_NS5A-x1040,LIG,Z54984227
Zika_NS5A-x1041,LIG,Z56921372
Zika_NS5A-x1047,LIG,Z979419914
